"Caso";"Esito";"F";"gammaR";"eta";"xc";"yc";"R";"Concio";"x0";"x1";"ybase";"alpha";"terreno";"Wterra";"Wmuro";"xG";"yG";"Vext";"Hext";"u";"phi_d";"c_d";"V";"D";"N_eff";"R_resistente";"T_mobilitato";"m_alpha"
"Globale A2–M2–R2 1";"Soddisfatta nel dominio esplorato";"1.1639171074100347";"1.1000000000000001";"0.94508448496623276";"0.071615565784932667";"4.4645899521325223";"5.1833399521325223";"1";"-2.5617187500000003";"-2.4974153645833335";"-0.01880853793921311";"-30.121492630797459";"Terreno granulare";"0.021710695591938563";"0";"-2.5189086700709482";"-0.012470603644676762";"0";"0";"0";"24.79128089714489";"0";"0.021710695591938563";"-0.010850548802045532";"0.032607520034563318";"0.015060768375648995";"0.012939725930450868";"0.66581866909613674"
"Globale A2–M2–R2 1";"Soddisfatta nel dominio esplorato";"1.1639171074100347";"1.1000000000000001";"0.94508448496623276";"0.071615565784932667";"4.4645899521325223";"5.1833399521325223";"2";"-2.4974153645833335";"-2.4331119791666671";"-0.055504824849829326";"-29.303088075759696";"Terreno granulare";"0.064186650573640855";"0";"-2.4617762139125152";"-0.028706046964196902";"0";"0";"0";"24.79128089714489";"0";"0.064186650573640855";"-0.031371651180755272";"0.094695528214985211";"0.043737990964780413";"0.037578269694915671";"0.6778213478879308"
"Globale A2–M2–R2 1";"Soddisfatta nel dominio esplorato";"1.1639171074100347";"1.1000000000000001";"0.94508448496623276";"0.071615565784932667";"4.4645899521325223";"5.1833399521325223";"3";"-2.4331119791666671";"-2.3688085937500003";"-0.090998013682281886";"-28.491193026658479";"Terreno granulare";"0.10526997574910914";"0";"-2.3989039137157451";"-0.046032602699200904";"0";"0";"0";"24.79128089714489";"0";"0.10526997574910914";"-0.050174506803810894";"0.15265546622275136";"0.070508539613578655";"0.060578660769472908";"0.68959191802212705"
"Globale A2–M2–R2 1";"Soddisfatta nel dominio esplorato";"1.1639171074100347";"1.1000000000000001";"0.94508448496623276";"0.071615565784932667";"4.4645899521325223";"5.1833399521325223";"4";"-2.3688085937500003";"-2.3045052083333335";"-0.12531601475809584";"-27.685495290105692";"Terreno granulare";"0.14499298317015227";"0";"-2.335213603827254";"-0.063012727305070335";"0";"0";"0";"24.79128089714489";"0";"0.14499298317015227";"-0.067325960578649147";"0.20679730030912907";"0.095515581600930835";"0.082063903857787168";"0.70113576411979661"
"Globale A2–M2–R2 1";"Soddisfatta nel dominio esplorato";"1.1639171074100347";"1.1000000000000001";"0.94508448496623276";"0.071615565784932667";"4.4645899521325223";"5.1833399521325223";"5";"-2.3045052083333335";"-2.2402018229166671";"-0.15848499910582525";"-26.885699263274951";"Terreno granulare";"0.18338597101918278";"0";"-2.2712508203080999";"-0.079498627858795606";"0";"0";"0";"24.79128089714489";"0";"0.18338597101918278";"-0.082890343128103894";"0.25739901536147552";"0.11888751264647401";"0.10214431241673579";"0.71245793524752477"
"Globale A2–M2–R2 1";"Soddisfatta nel dominio esplorato";"1.1639171074100347";"1.1000000000000001";"0.94508448496623276";"0.071615565784932667";"4.4645899521325223";"5.1833399521325223";"6";"-2.2402018229166671";"-2.1758984375000003";"-0.19052952795439726";"-26.091524570756974";"Terreno granulare";"0.22047737357720931";"0";"-2.2071642463585963";"-0.095458742490671447";"0";"0";"0";"24.79128089714489";"0";"0.22047737357720931";"-0.096929661681840293";"0.30471060820809159";"0.14073980133910102";"0.12091909332983108";"0.72356316990001834"
"Globale A2–M2–R2 1";"Soddisfatta nel dominio esplorato";"1.1639171074100347";"1.1000000000000001";"0.94508448496623276";"0.071615565784932667";"4.4645899521325223";"5.1833399521325223";"7";"-2.1758984375000003";"-2.1115950520833335";"-0.22147266932804577";"-25.30270483518888";"Terreno granulare";"0.25629389625060078";"0";"-2.1430110482929217";"-0.11088775164256705";"0";"0";"0";"24.79128089714489";"0";"0.25629389625060078";"-0.10950377341713227";"0.3489574932911349";"0.16117656214989901";"0.13847769838915028";"0.73445591849427638"
"Globale A2–M2–R2 1";"Soddisfatta nel dominio esplorato";"1.1639171074100347";"1.1000000000000001";"0.94508448496623276";"0.071615565784932667";"4.4645899521325223";"5.1833399521325223";"8";"-2.1115950520833335";"-2.0472916666666672";"-0.25133610325288558";"-24.518986565674144";"Terreno granulare";"0.29086063740634688";"0";"-2.0788178980530887";"-0.12578863448347274";"0";"0";"0";"24.79128089714489";"0";"0.29086063740634688";"-0.12067054327288193";"0.39034341929229721";"0.18029190256384539";"0.15490098170739458";"0.74514036366665226"
"Globale A2–M2–R2 1";"Soddisfatta nel dominio esplorato";"1.1639171074100347";"1.1000000000000001";"0.94508448496623276";"0.071615565784932667";"4.4645899521325223";"5.1833399521325223";"9";"-2.0472916666666672";"-1.9829882812500002";"-0.28014021687856339";"-23.740128150201052";"Terreno granulare";"0.32420119852600393";"0";"-2.0145989140519518";"-0.14016742555778358";"0";"0";"0";"24.79128089714489";"0";"0.32420119852600393";"-0.1304859879906502";"0.42905297680441701";"0.19817108132371233";"0.17026219484365643";"0.75562043862427375"
"Globale A2–M2–R2 1";"Soddisfatta nel dominio esplorato";"1.1639171074100347";"1.1000000000000001";"0.94508448496623276";"0.071615565784932667";"4.4645899521325223";"5.1833399521325223";"10";"-1.9829882812500002";"-1.9186848958333336";"-0.30790419064364993";"-22.965898940118684";"Terreno granulare";"0.35633778398594657";"0";"-1.9503622693187328";"-0.15403130909294646";"0";"0";"0";"24.79128089714489";"0";"0.35633778398594657";"-0.13900440790751373";"0.4652537624666494";"0.21489150800128498";"0.18462784560273771";"0.7658998437685709"
"Globale A2–M2–R2 1";"Soddisfatta nel dominio esplorato";"1.1639171074100347";"1.1000000000000001";"0.94508448496623276";"0.071615565784932667";"4.4645899521325223";"5.1833399521325223";"11";"-1.9186848958333336";"-1.8543815104166668";"-0.33464607646512246";"-22.196078416297865";"Terreno granulare";"0.38729129159980286";"0";"-1.8861130230664525";"-0.16738782307069203";"0";"0";"0";"24.79128089714489";"0";"0.38729129159980286";"-0.14627850783087654";"0.49909825326552809";"0.23052360869993971";"0.19805844181885443";"0.77598206178004359"
"Globale A2–M2–R2 1";"Soddisfatta nel dominio esplorato";"1.1639171074100347";"1.1000000000000001";"0.94508448496623276";"0.071615565784932667";"4.4645899521325223";"5.1833399521325223";"12";"-1.8543815104166668";"-1.7900781250000002";"-0.36038286880589432";"-21.430455427939801";"Terreno granulare";"0.41708139491223034";"0";"-1.8218544747427974";"-0.18024449546978047";"0";"0";"0";"24.79128089714489";"0";"0.41708139491223034";"-0.15235950815900334";"0.53072543529906102";"0.24513157834855537";"0.21060913770227652";"0.78587037132902271"
"Globale A2–M2–R2 1";"Soddisfatta nel dominio esplorato";"1.1639171074100347";"1.1000000000000001";"0.94508448496623276";"0.071615565784932667";"4.4645899521325223";"5.1833399521325223";"13";"-1.7900781250000002";"-1.7257747395833336";"-0.38513056936632584";"-20.668827496134234";"Terreno granulare";"0.4457266181082955";"0";"-1.7575888680650782";"-0.19260866901435775";"0";"0";"0";"24.79128089714489";"0";"0.4457266181082955";"-0.15729724726876632";"0.56026222371133361";"0.25877403654121345";"0.22233029731562345";"0.79556785955633014"
"Globale A2–M2–R2 1";"Soddisfatta nel dominio esplorato";"1.1639171074100347";"1.1000000000000001";"0.94508448496623276";"0.071615565784932667";"4.4645899521325223";"5.1833399521325223";"14";"-1.7257747395833336";"-1.6614713541666668";"-0.40890424605296616";"-19.911000175244641";"Terreno granulare";"0.4732444042951004";"0";"-1.6933177821193273";"-0.20448741534628717";"0";"0";"0";"24.79128089714489";"0";"0.4732444042951004";"-0.16114027606965531";"0.58782470434822798";"0.27150460103340929";"0.23326798730329282";"0.80507743344987059"
"Globale A2–M2–R2 1";"Soddisfatta nel dominio esplorato";"1.1639171074100347";"1.1000000000000001";"0.94508448496623276";"0.071615565784932667";"4.4645899521325223";"5.1833399521325223";"15";"-1.6614713541666668";"-1.5971679687500002";"-0.43171808679804258";"-19.156786466035832";"Terreno granulare";"0.49965117782004759";"0";"-1.6290423606107849";"-0.21588749435129609";"0";"0";"0";"24.79128089714489";"0";"0.49965117782004759";"-0.16393594551772028";"0.61351922266712899";"0.28337239068790149";"0.24346440900629587";"0.81440183022780088"
"Globale A2–M2–R2 1";"Soddisfatta nel dominio esplorato";"1.1639171074100347";"1.1000000000000001";"0.94508448496623276";"0.071615565784932667";"4.4645899521325223";"5.1833399521325223";"16";"-1.5971679687500002";"-1.5328645833333336";"-0.45358544873439399";"-18.406006275181376";"Terreno granulare";"0.5249624012103522";"0";"-1.5647634523656007";"-0.22681533733369608";"0";"0";"0";"24.79128089714489";"0";"0.5249624012103522";"-0.16573048779197255";"0.63744334132464353";"0.29442246776553394";"0.25295827846425173";"0.82354362682564142"
"Globale A2–M2–R2 1";"Soddisfatta nel dominio esplorato";"1.1639171074100347";"1.1000000000000001";"0.94508448496623276";"0.071615565784932667";"4.4645899521325223";"5.1833399521325223";"17";"-1.5328645833333336";"-1.4685611979166668";"-0.47451890317090495";"-17.658485916411394";"Terreno granulare";"0.54919262724928986";"0";"-1.5004817007382989";"-0.23727704315780096";"0";"0";"0";"24.79128089714489";"0";"0.54919262724928986";"-0.16656909175677515";"0.65968668448701218";"0.30469622789551054";"0.26178516146525677";"0.83250524857319941"
"Globale A2–M2–R2 1";"Soddisfatta nel dominio esplorato";"1.1639171074100347";"1.1000000000000001";"0.94508448496623276";"0.071615565784932667";"4.4645899521325223";"5.1833399521325223";"18";"-1.4685611979166668";"-1.4042578125";"-0.49453027676180561";"-16.914057649101444";"Terreno granulare";"0.57235554664482224";"0";"-1.4361976023647078";"-0.24727838152511231";"0";"0";"0";"24.79128089714489";"0";"0.57235554664482224";"-0.16649597326517093";"0.68033168411701361";"0.31423174477055138";"0.26997776969683385";"0.84128897713718709"
"Globale A2–M2–R2 1";"Soddisfatta nel dominio esplorato";"1.1639171074100347";"1.1000000000000001";"0.94508448496623276";"0.071615565784932667";"4.4645899521325223";"5.1833399521325223";"19";"-1.4042578125";"-1.3399544270833337";"-0.51363068921806398";"-16.172559250571741";"Terreno granulare";"0.59446403169395401";"0";"-1.3719115468606287";"-0.25682480014061504";"0";"0";"0";"24.79128089714489";"0";"0.59446403169395401";"-0.16555444079830503";"0.69945424117653576";"0.32306407554327871";"0.27756622313264695";"0.84989695779672425"
"Globale A2–M2–R2 1";"Soddisfatta nel dominio esplorato";"1.1639171074100347";"1.1000000000000001";"0.94508448496623276";"0.071615565784932667";"4.4645899521325223";"5.1833399521325223";"20";"-1.3399544270833337";"-1.2756510416666669";"-0.53183058786979664";"-15.433833618773978";"Terreno granulare";"0.61553017630060314";"0";"-1.3076238443071182";"-0.26592143390542561";"0";"0";"0";"24.79128089714489";"0";"0.61553017630060314";"-0.1637869568839336";"0.71712431275716049";"0.33122553201021754";"0.28457828302503896";"0.85833120611131741"
"Globale A2–M2–R2 1";"Soddisfatta nel dominio esplorato";"1.1639171074100347";"1.1000000000000001";"0.94508448496623276";"0.071615565784932667";"4.4645899521325223";"5.1833399521325223";"21";"-1.2756510416666669";"-1.2113476562500003";"-0.54913977935410685";"-14.697728402398537";"Terreno granulare";"0.63556533266475734";"0";"-1.2433347446935086";"-0.27457311504311488";"0";"0";"0";"24.79128089714489";"0";"0.63556533266475734";"-0.16123519569134548";"0.73340643454087251";"0.33874592192606112";"0.2910395592344574";"0.86659361403426227"
"Globale A2–M2–R2 1";"Soddisfatta nel dominio esplorato";"1.1639171074100347";"1.1000000000000001";"0.94508448496623276";"0.071615565784932667";"4.4645899521325223";"5.1833399521325223";"22";"-1.2113476562500003";"-1.1470442708333335";"-0.56556745867251479";"-13.96409565574575";"Terreno granulare";"0.6545801449258426";"0";"-1.1790444519371663";"-0.28278438350961582";"0";"0";"0";"24.79128089714489";"0";"0.6545801449258426";"-0.15794009716007101";"0.74836018664294812";"0.34565276416728374";"0.29697369509108368";"0.8746859555185702"
"Globale A2–M2–R2 1";"Soddisfatta nel dominio esplorato";"1.1639171074100347";"1.1000000000000001";"0.94508448496623276";"0.071615565784932667";"4.4645899521325223";"5.1833399521325223";"23";"-1.1470442708333335";"-1.0827408854166667";"-0.58112223583545397";"-13.232791515976942";"Terreno granulare";"0.67258458001199672";"0";"-1.1147531341677825";"-0.2905594972979017";"0";"0";"0";"24.79128089714489";"0";"0.67258458001199672";"-0.15394191798452098";"0.76204060975229404";"0.35197148093913078";"0.30240253253287325";"0.88260989165738091"
"Globale A2–M2–R2 1";"Soddisfatta nel dominio esplorato";"1.1639171074100347";"1.1000000000000001";"0.94508448496623276";"0.071615565784932667";"4.4645899521325223";"5.1833399521325223";"24";"-1.0827408854166667";"-1.0184375000000001";"-0.59581216028781814";"-12.503675900599513";"Terreno granulare";"0.68958795592004019";"0";"-1.0504609313894357";"-0.29790244240629632";"0";"0";"0";"24.79128089714489";"0";"0.68958795592004019";"-0.14928027974589009";"0.77449857752543261";"0.35772556977703257";"0.30734625988361725";"0.89036697539627929"
"Globale A2–M2–R2 1";"Soddisfatta nel dominio esplorato";"1.1639171074100347";"1.1000000000000001";"0.94508448496623276";"0.071615565784932667";"4.4645899521325223";"5.1833399521325223";"25";"-1.0184375000000001";"-0.95413411458333353";"-0.60964474328863272";"-11.776612223249943";"Terreno granulare";"0.70559896762652496";"0";"-0.98616796127018491";"-0.30481694233603368";"0";"0";"0";"24.79128089714489";"0";"0.70559896762652496";"-0.14399421445536567";"0.78578113037720498";"0.36293675771792622";"0.31182354431196424";"0.89795865585091161"
"Globale A2–M2–R2 1";"Soddisfatta nel dominio esplorato";"1.1639171074100347";"1.1000000000000001";"0.94508448496623276";"0.071615565784932667";"4.4645899521325223";"5.1833399521325223";"26";"-0.95413411458333353";"-0.88983072916666694";"-0.62262697839946668";"-11.051467126022686";"Terreno granulare";"0.7206257108089148";"0";"-0.92187432357378729";"-0.31130646704378789";"0";"0";"0";"24.79128089714489";"0";"0.7206257108089148";"-0.13812220774870246";"0.79593177512069702";"0.36762513969800892";"0.3158516507383019";"0.90538628225972928"
"Globale A2–M2–R2 1";"Soddisfatta nel dominio esplorato";"1.1639171074100347";"1.1000000000000001";"0.94508448496623276";"0.071615565784932667";"4.4645899521325223";"5.1833399521325223";"27";"-0.88983072916666694";"-0.82552734375000014";"-0.63476536021968766";"-10.328110226755355";"Terreno granulare";"0.73467570353686429";"0";"-0.85758010359285175";"-0.31737424131244679";"0";"0";"0";"24.79128089714489";"0";"0.73467570353686429";"-0.13170223995103261";"0.80499075432017808";"0.37180930296153175";"0.31944654872277567";"0.91265110759850221"
"Globale A2–M2–R2 1";"Soddisfatta nel dominio esplorato";"1.1639171074100347";"1.1000000000000001";"0.94508448496623276";"0.071615565784932667";"4.4645899521325223";"5.1833399521325223";"28";"-0.82552734375000014";"-0.76122395833333356";"-0.64606590149194343";"-9.6064138798231138";"Terreno granulare";"0.74775590607644049";"0";"-0.79328537483827444";"-0.32302325252685304";"0";"0";"0";"24.79128089714489";"0";"0.74775590607644049";"-0.12477182521204173";"0.81299528871746596";"0.37550643903274117";"0.32262300866796567";"0.91975429188040769"
"Globale A2–M2–R2 1";"Soddisfatta nel dominio esplorato";"1.1639171074100347";"1.1000000000000001";"0.94508448496623276";"0.071615565784932667";"4.4645899521325223";"5.1833399521325223";"29";"-0.76122395833333356";"-0.69692057291666676";"-0.65653414868804294";"-8.8862529491214328";"Terreno granulare";"0.75987273893493867";"0";"-0.72899020116836311";"-0.32825625785571655";"0";"0";"0";"24.79128089714489";"0";"0.75987273893493867";"-0.11736804889511791";"0.8199797956607221";"0.37873244460381777";"0.32539468849854669";"0.92669690516294922"
"Globale A2–M2–R2 1";"Soddisfatta nel dominio esplorato";"1.1639171074100347";"1.1000000000000001";"0.94508448496623276";"0.071615565784932667";"4.4645899521325223";"5.1833399521325223";"30";"-0.69692057291666676";"-0.63261718750000018";"-0.66617519617356358";"-8.167504592027063";"Terreno granulare";"0.77103209926004534";"0";"-0.66469463849141608";"-0.3330757908496228";"0";"0";"0";"24.79128089714489";"0";"0.77103209926004534";"-0.1095276033894354";"0.82597608609347872";"0.38150201252021076";"0.32777421183294969";"0.933479930280675"
"Globale A2–M2–R2 1";"Soddisfatta nel dominio esplorato";"1.1639171074100347";"1.1000000000000001";"0.94508448496623276";"0.071615565784932667";"4.4645899521325223";"5.1833399521325223";"31";"-0.63261718750000018";"-0.5683138020833336";"-0.67499369903878748";"-7.450048053224938";"Terreno granulare";"0.78123937569493596";"0";"-0.60039873614055361";"-0.33748416747004367";"0";"0";"0";"24.79128089714489";"0";"0.78123937569493596";"-0.10128682250106685";"0.83101354234204761";"0.38382871389712458";"0.32977323853519586";"0.9401042653205951"
"Globale A2–M2–R2 1";"Soddisfatta nel dominio esplorato";"1.1639171074100347";"1.1000000000000001";"0.94508448496623276";"0.071615565784932667";"4.4645899521325223";"5.1833399521325223";"32";"-0.5683138020833336";"-0.50401041666666702";"-0.68299388467386457";"-6.7337644673746953";"Terreno granulare";"0.79049946177937724";"0";"-0.53610253799463725";"-0.34148349156678526";"0";"0";"0";"24.79128089714489";"0";"0.79049946177937724";"-0.092681714567783263";"0.83511927866253655";"0.38572507227300923";"0.33140252842518164";"0.94657072585533053"
"Globale A2–M2–R2 1";"Soddisfatta nel dominio esplorato";"1.1639171074100347";"1.1000000000000001";"0.94508448496623276";"0.071615565784932667";"4.4645899521325223";"5.1833399521325223";"33";"-0.50401041666666702";"-0.43970703125000021";"-0.69017956315729645";"-6.0185366696660649";"Terreno granulare";"0.79881676797694445";"0";"-0.47180608340109476";"-0.34507565982225119";"0";"0";"0";"24.79128089714489";"0";"0.79881676797694445";"-0.083747994432217185";"0.83831828626915084";"0.387202630595264";"0.33267199883063231";"0.95288004694731898"
"Globale A2–M2–R2 1";"Soddisfatta nel dominio esplorato";"1.1639171074100347";"1.1000000000000001";"0.94508448496623276";"0.071615565784932667";"4.4645899521325223";"5.1833399521325223";"34";"-0.43970703125000021";"-0.37540364583333341";"-0.69655413651875353";"-5.3042490133785334";"Terreno granulare";"0.80619523239894764";"0";"-0.40750940794331386";"-0.34826236618078166";"0";"0";"0";"24.79128089714489";"0";"0.80619523239894764";"-0.074521114399233146";"0.84063356435673486";"0.38827201173695636";"0.33359077658111314";"0.95903288493585204"
"Globale A2–M2–R2 1";"Soddisfatta nel dominio esplorato";"1.1639171074100347";"1.1000000000000001";"0.94508448496623276";"0.071615565784932667";"4.4645899521325223";"5.1833399521325223";"35";"-0.37540364583333341";"-0.31110026041666705";"-0.70212060692985823";"-4.5907871936185529";"Terreno granulare";"0.81263833028720212";"0";"-0.3432125440855841";"-0.35104510578053277";"0";"0";"0";"24.79128089714489";"0";"0.81263833028720212";"-0.06503629429566575";"0.84208623844880859";"0.38894297315943921";"0.33416724497238531";"0.96502981901728746"
"Globale A2–M2–R2 1";"Soddisfatta nel dominio esplorato";"1.1639171074100347";"1.1000000000000001";"0.94508448496623276";"0.071615565784932667";"4.4645899521325223";"5.1833399521325223";"36";"-0.31110026041666705";"-0.2467968749999998";"-0.70688158386971089";"-3.8780380764576483";"Terreno granulare";"0.81814908230981853";"0";"-0.27891552172136624";"-0.35342517840412685";"0";"0";"0";"24.79128089714489";"0";"0.81814908230981853";"-0.055328550743879303";"0.84269566724331202";"0.38922445626228597";"0.33440908616627679";"0.97087135262746505"
"Globale A2–M2–R2 1";"Soddisfatta nel dominio esplorato";"1.1639171074100347";"1.1000000000000001";"0.94508448496623276";"0.071615565784932667";"4.4645899521325223";"5.1833399521325223";"37";"-0.2467968749999998";"-0.18249348958333345";"-0.71083929030561599";"-3.1658895327381229";"Terreno granulare";"0.82273006171673135";"0";"-0.21461836864530626";"-0.35540369146278672";"0";"0";"0";"24.79128089714489";"0";"0.82273006171673135";"-0.0454327257548151";"0.84247953898870587";"0.38912463089750493";"0.33432331943585802";"0.97655791463412711"
"Globale A2–M2–R2 1";"Soddisfatta nel dominio esplorato";"1.1639171074100347";"1.1000000000000001";"0.94508448496623276";"0.071615565784932667";"4.4645899521325223";"5.1833399521325223";"38";"-0.18249348958333345";"-0.11819010416666709";"-0.71399556792353103";"-2.4542302758498828";"Terreno granulare";"0.8263834003952657";"0";"-0.15032111096537398";"-0.35698156252697666";"0";"0";"0";"24.79128089714489";"0";"0.8263834003952657";"-0.035383514741279355";"0.84145395830083813";"0.38865093546853202";"0.33391633561720191";"0.98208986034600787"
"Globale A2–M2–R2 1";"Soddisfatta nel dominio esplorato";"1.1639171074100347";"1.1000000000000001";"0.94508448496623276";"0.071615565784932667";"4.4645899521325223";"5.1833399521325223";"39";"-0.11819010416666709";"-0.053886718750000284";"-0.71635188143717698";"-1.7429497028129819";"Terreno granulare";"0.82911079385879605";"0";"-0.086023773468490536";"-0.35815952141478358";"0";"0";"0";"24.79128089714489";"0";"0.82911079385879605";"-0.025215494048004546";"0.83963352422186699";"0.38781011298410323";"0.33319392808570703";"0.98746747234417187"
"Globale A2–M2–R2 1";"Soddisfatta nel dominio esplorato";"1.1639171074100347";"1.1000000000000001";"0.94508448496623276";"0.071615565784932667";"4.4645899521325223";"5.1833399521325223";"40";"-0.053886718750000284";"0";"-0.71781288802227383";"-1.0895196601494648";"Terreno granulare";"0.69622780837744935";"0";"-0.026936947966851938";"-0.35889482778139831";"0";"0";"0";"24.79128089714489";"0";"0.69622780837744935";"-0.013237603802402338";"0.70164902201718848";"0.3240778013906091";"0.27843718365112075";"0.99227361049523943"
"Globale A2–M2–R2 1";"Soddisfatta nel dominio esplorato";"1.1639171074100347";"1.1000000000000001";"0.94508448496623276";"0.071615565784932667";"4.4645899521325223";"5.1833399521325223";"41";"0";"0.010416666666666519";"-0.71832458882329941";"-0.73407460804094948";"Terreno granulare";"0.13468569681884157";"0.11718749999999832";"0.005208419578957596";"-0.087372447951485688";"0";"0";"0";"24.79128089714489";"0";"0.25187319681883991";"-0.0032269116749005775";"0.25318117127209416";"0.11693937391015063";"0.1004705345128622";"0.99483383994677643"
"Globale A2–M2–R2 1";"Soddisfatta nel dominio esplorato";"1.1639171074100347";"1.1000000000000001";"0.94508448496623276";"0.071615565784932667";"4.4645899521325223";"5.1833399521325223";"42";"0.010416666666666519";"0.074720052083333321";"-0.71866860973499858";"-0.32108467906192467";"Terreno granulare";"0.83179236800414746";"0.72341308593750142";"0.042569796556152305";"-0.087518835391560565";"0";"0";"0";"24.79128089714489";"0";"1.5552054539416489";"-0.0087148709395271431";"1.5586962076170581";"0.71993094004204583";"0.6185414197099024";"0.99776046566460452"
"Globale A2–M2–R2 1";"Soddisfatta nel dominio esplorato";"1.1639171074100347";"1.1000000000000001";"0.94508448496623276";"0.071615565784932667";"4.4645899521325223";"5.1833399521325223";"43";"0.074720052083333321";"0.13902343749999968";"-0.71863009540694378";"0.38971895609524893";"Terreno granulare";"0.8317477883161889";"0.72341308593749631";"0.10687000034353387";"-0.08750074648748829";"0";"0";"0";"24.79128089714489";"0";"1.5551608742536853";"0.010577411046890148";"1.5510102876073435";"0.71638096565278286";"0.61549139633052063";"1.0026760535887513"
"Globale A2–M2–R2 1";"Soddisfatta nel dominio esplorato";"1.1639171074100347";"1.1000000000000001";"0.94508448496623276";"0.071615565784932667";"4.4645899521325223";"5.1833399521325223";"44";"0.13902343749999968";"0.20332682291666648";"-0.71779376122805871";"1.1005825809607397";"Terreno granulare";"0.83077974554238654";"0.72341308593750142";"0.17117020021524282";"-0.087107964569753824";"0";"0";"0";"24.79128089714489";"0";"1.5541928314798881";"0.029850849182394699";"1.5427185207986251";"0.71255116261352591";"0.61220095320972223";"1.0074377214809886"
"Globale A2–M2–R2 1";"Soddisfatta nel dominio esplorato";"1.1639171074100347";"1.1000000000000001";"0.94508448496623276";"0.071615565784932667";"4.4645899521325223";"5.1833399521325223";"45";"0.20332682291666648";"0.25";"-0.7164305289045112";"1.7141288420287066";"Terreno granulare";"0.6018708697817744";"0.52507324218750195";"0.22665936156068844";"-0.086475135582370757";"0";"0";"0";"24.79128089714489";"0";"1.1269441119692765";"0.033709093819896875";"1.1142165726625408";"0.5146345905298082";"0.44215742448788348";"1.0114228594503147"
"Globale A2–M2–R2 1";"Soddisfatta nel dominio esplorato";"1.1639171074100347";"1.1000000000000001";"0.94508448496623276";"0.071615565784932667";"4.4645899521325223";"5.1833399521325223";"46";"0.25";"0.26763020833333329";"-0.71536848324153457";"2.0697227291002167";"Terreno granulare";"0.2270169226394507";"0.205404031156289";"0.25886241945886518";"-0.077052850650425414";"0";"0";"0";"24.79128089714489";"0";"0.43242095379573969";"0.01562109832823542";"0.42658548927999601";"0.19703139765455513";"0.16928301543139293";"1.0136794726083931"
"Globale A2–M2–R2 1";"Soddisfatta nel dominio esplorato";"1.1639171074100347";"1.1000000000000001";"0.94508448496623276";"0.071615565784932667";"4.4645899521325223";"5.1833399521325223";"47";"0.26763020833333329";"0.33193359374999964";"-0.71372571831754161";"2.5229280215841792";"Terreno granulare";"0.82607105398565028";"0.86891966636734308";"0.30036572981342047";"-0.034828572770863944";"0";"0";"0";"24.79128089714489";"0";"1.6949907203529935";"0.074803005183557925";"1.6674791031607032";"0.77017560726232626";"0.66171001556642828";"1.0164989277167804"
"Globale A2–M2–R2 1";"Soddisfatta nel dominio esplorato";"1.1639171074100347";"1.1000000000000001";"0.94508448496623276";"0.071615565784932667";"4.4645899521325223";"5.1833399521325223";"48";"0.33193359374999964";"0.39623697916666689";"-0.71049212662356265";"3.2346296888904571";"Terreno granulare";"0.82232822553685891";"1.0568708198239201";"0.36460924243006232";"0.029910590781255911";"0";"0";"0";"24.79128089714489";"0";"1.879199045360779";"0.1062236786575706";"1.8409115771549016";"0.85028063569974466";"0.73053366969732192";"1.0207981027883208"
"Globale A2–M2–R2 1";"Soddisfatta nel dominio esplorato";"1.1639171074100347";"1.1000000000000001";"0.94508448496623276";"0.071615565784932667";"4.4645899521325223";"5.1833399521325223";"49";"0.39623697916666689";"0.46054036458333325";"-0.70645694478729038";"3.9468313562528876";"Terreno granulare";"0.81765756961492031";"1.2448219732804677";"0.42886365369991125";"0.094094516657650243";"0";"0";"0";"24.79128089714489";"0";"2.0624795428953879";"0.14215098370308438";"2.0122877921538338";"0.92943591878961096";"0.79854133328945154";"1.0249426304414597"
"Globale A2–M2–R2 1";"Soddisfatta nel dominio esplorato";"1.1639171074100347";"1.1000000000000001";"0.94508448496623276";"0.071615565784932667";"4.4645899521325223";"5.1833399521325223";"50";"0.46054036458333325";"0.52484375000000005";"-0.70161829450964674";"4.6596443846565503";"Terreno granulare";"0.81205691195009244";"1.4327731267370387";"0.49312623279093809";"0.15793461652122648";"0";"0";"0";"24.79128089714489";"0";"2.2448300386871312";"0.1825502119599231";"2.1817085241117611";"1.0076880029513813";"0.86577299752359793";"1.0289321483038476"
"Globale A2–M2–R2 1";"Soddisfatta nel dominio esplorato";"1.1639171074100347";"1.1000000000000001";"0.94508448496623276";"0.071615565784932667";"4.4645899521325223";"5.1833399521325223";"51";"0.52484375000000005";"0.58914713541666641";"-0.69597391574577383";"5.3731809931434027";"Terreno granulare";"0.80552363637219448";"1.620724280193591";"0.55739509061279946";"0.22157724966017692";"0";"0";"0";"24.79128089714489";"0";"2.4262479165657855";"0.22738650578745512";"2.3492711794281091";"1.0850818782737985";"0.93226731643144112";"1.0327662203545251"
"Globale A2–M2–R2 1";"Soddisfatta nel dominio esplorato";"1.1639171074100347";"1.1000000000000001";"0.94508448496623276";"0.071615565784932667";"4.4645899521325223";"5.1833399521325223";"52";"0.58914713541666641";"0.65345052083333321";"-0.68952116138417807";"6.0875544213894184";"Terreno granulare";"0.79805467865062729";"1.8086754336501645";"0.6216688786919784";"0.28512704048551468";"0";"0";"0";"24.79128089714489";"0";"2.6067301123007915";"0.2766248301996278";"2.5150700544316105";"1.1616610983654856";"0.99806170986732101";"1.0364443358973934"
"Globale A2–M2–R2 1";"Soddisfatta nel dominio esplorato";"1.1639171074100347";"1.1000000000000001";"0.94508448496623276";"0.071615565784932667";"4.4645899521325223";"5.1833399521325223";"53";"0.65345052083333321";"0.71775390625000002";"-0.68225699097251091";"6.8028790963186685";"Terreno granulare";"0.78964651923043017";"1.9966265871067279";"0.68594660868394186";"0.3486608550653062";"0";"0";"0";"24.79128089714489";"0";"2.7862731063371582";"0.33022994421065238";"2.6791965813146792";"1.2374678939471642";"1.0631924611030039";"1.0399659083507551"
"Globale A2–M2–R2 1";"Soddisfatta nel dominio esplorato";"1.1639171074100347";"1.1000000000000001";"0.94508448496623276";"0.071615565784932667";"4.4645899521325223";"5.1833399521325223";"54";"0.71775390625000002";"0.78205729166666638";"-0.67417796345490988";"7.5192708034540603";"Terreno granulare";"0.78029517482410793";"2.184577740563276";"0.75022753966671962";"0.41223652945337352";"0";"0";"0";"24.79128089714489";"0";"2.9648729153873838";"0.38816637149024102";"2.8417395619678523";"1.3125432808551591";"1.1276948096208066";"1.0433302738461592"
"Globale A2–M2–R2 1";"Soddisfatta nel dominio esplorato";"1.1639171074100347";"1.1000000000000001";"0.94508448496623276";"0.071615565784932667";"4.4645899521325223";"5.1833399521325223";"55";"0.78205729166666638";"0.84636067708333362";"-0.6652802288798485";"8.2368468637420253";"Terreno granulare";"0.76999618881151943";"2.3725288940198705";"0.81451110526763137";"0.47589851393059845";"0";"0";"0";"24.79128089714489";"0";"3.1425250828313898";"0.45039837022216789";"3.0027853910659612";"1.3869271630804867";"1.1916030396414545";"1.0465366896286326"
"Globale A2–M2–R2 1";"Soddisfatta nel dominio esplorato";"1.1639171074100347";"1.1000000000000001";"0.94508448496623276";"0.071615565784932667";"4.4645899521325223";"5.1833399521325223";"56";"0.84636067708333362";"0.91066406249999998";"-0.6555595190310779";"8.9557263166322318";"Terreno granulare";"0.75874462039285318";"2.5604800474764002";"0.87879686511242372";"0.53968163420654547";"0";"0";"0";"24.79128089714489";"0";"3.3192246678692534";"0.5168899020540384";"3.162418269674919";"1.4606584314296041";"1.2549505648902115";"1.0495843322491472"
"Globale A2–M2–R2 1";"Soddisfatta nel dominio esplorato";"1.1639171074100347";"1.1000000000000001";"0.94508448496623276";"0.071615565784932667";"4.4645899521325223";"5.1833399521325223";"57";"0.91066406249999998";"0.97496744791666634";"-0.64501113692734791";"9.6760301102443496";"Terreno granulare";"0.74653503243212138";"2.748431200932961";"0.94308447162492171";"0.60361366431040009";"0";"0";"0";"24.79128089714489";"0";"3.4949662333650826";"0.58760460001958703";"3.3207204105792969";"1.5337750583611531";"1.3177700100775489";"1.0524722955388432"
"Globale A2–M2–R2 1";"Soddisfatta nel dominio esplorato";"1.1639171074100347";"1.1000000000000001";"0.94508448496623276";"0.071615565784932667";"4.4645899521325223";"5.1833399521325223";"58";"0.97496744791666634";"1.0392708333333331";"-0.63362994512913229";"10.397881299512488";"Terreno granulare";"0.73336147791917283";"2.9363823543895431";"1.0073736467982433";"0.66771712769132341";"0";"0";"0";"24.79128089714489";"0";"3.6697438323087157";"0.66250573530660051";"3.4777722364697525";"1.6063141895248148";"1.3800932895463736";"1.055199588353098"
"Globale A2–M2–R2 1";"Soddisfatta nel dominio esplorato";"1.1639171074100347";"1.1000000000000001";"0.94508448496623276";"0.071615565784932667";"4.4645899521325223";"5.1833399521325223";"59";"1.0392708333333331";"1.1035742187499999";"-0.62141035278246726";"11.121405253264843";"Terreno granulare";"0.71921748496967919";"3.1243335078461065";"1.0716641656100143";"0.73201058420509568";"0";"0";"0";"24.79128089714489";"0";"3.8435509928157856";"0.74155618273509993";"3.6336525720856945";"1.6783122325082014";"1.4419516835204924";"1.0577651320719446"
"Globale A2–M2–R2 1";"Soddisfatta nel dominio esplorato";"1.1639171074100347";"1.1000000000000001";"0.94508448496623276";"0.071615565784932667";"4.4645899521325223";"5.1833399521325223";"60";"1.1035742187499999";"1.1678776041666667";"-0.60834630132109435";"11.846729871272771";"Terreno granulare";"0.7040960402716725";"3.31228466130267";"1.1359558439653283";"0.79650956687188046";"0";"0";"0";"24.79128089714489";"0";"4.0163807015743425";"0.82471838479999326";"3.7884388313705406";"1.7498049432801703";"1.5033759123739161";"1.0601677578416489"
"Globale A2–M2–R2 1";"Soddisfatta nel dominio esplorato";"1.1639171074100347";"1.1000000000000001";"0.94508448496623276";"0.071615565784932667";"4.4645899521325223";"5.1833399521325223";"61";"1.1678776041666667";"1.2321809895833331";"-0.59443124873831099";"12.573985812390495";"Terreno granulare";"0.68798957087601442";"3.5002358147592085";"1.200248529788033";"0.86122727523739162";"0";"0";"0";"24.79128089714489";"0";"4.1882253856352225";"0.91195431412090699";"3.942207200671886";"1.8208275108073555";"1.5643962093306518";"1.0624062035403432"
"Globale A2–M2–R2 1";"Soddisfatta nel dominio esplorato";"1.1639171074100347";"1.1000000000000001";"0.94508448496623276";"0.071615565784932667";"4.4645899521325223";"5.1833399521325223";"62";"1.2321809895833331";"1.2964843749999999";"-0.57965815232913709";"13.303306735005574";"Terreno granulare";"0.67088992421578542";"3.6881869682157955";"1.2645420963411609";"0.92617509653383434";"0";"0";"0";"24.79128089714489";"0";"4.359076892431581";"1.003225434128979";"4.0950328190045706";"1.8914146403141125";"1.6250423919989594";"1.0644791104485445"
"Globale A2–M2–R2 1";"Soddisfatta nel dominio esplorato";"1.1639171074100347";"1.1000000000000001";"0.94508448496623276";"0.071615565784932667";"4.4645899521325223";"5.1833399521325223";"63";"1.2964843749999999";"1.3607877604166667";"-0.56401944979137575";"14.034829551132672";"Terreno granulare";"0.65278834622544946";"3.8761381216723585";"1.3288364371517509";"0.99136300304322222";"0";"0";"0";"24.79128089714489";"0";"4.5289264678978078";"1.0984926578053535";"4.2469899563889237";"1.9616006356534257";"1.685343933141775";"1.0663850196030615"
"Globale A2–M2–R2 1";"Soddisfatta nel dominio esplorato";"1.1639171074100347";"1.1000000000000001";"0.94508448496623276";"0.071615565784932667";"4.4645899521325223";"5.1833399521325223";"64";"1.3607877604166667";"1.4250911458333331";"-0.54750703856086513";"14.768694695610465";"Terreno granulare";"0.63367545741552234";"4.064089275128894";"1.3931314621076898";"1.0567998591704426";"0";"0";"0";"24.79128089714489";"0";"4.6977647325444165";"1.1977163042697432";"4.3981521912843631";"2.0314194812599755";"1.7453300310881414";"1.0681223678102325"
"Globale A2–M2–R2 1";"Soddisfatta nel dominio esplorato";"1.1639171074100347";"1.1000000000000001";"0.94508448496623276";"0.071615565784932667";"4.4645899521325223";"5.1833399521325223";"65";"1.4250911458333331";"1.4893945312499999";"-0.53011225324127942";"15.505046412006298";"Terreno granulare";"0.61354122674092015";"4.2520404285854845";"1.4574270944224397";"1.1224936618090562";"0";"0";"0";"24.79128089714489";"0";"4.8655816553264044";"1.3008560529981044";"4.5485925881541664";"2.1009049241637956";"1.8050296801966936";"1.06968948329155"
"Globale A2–M2–R2 1";"Soddisfatta nel dominio esplorato";"1.1639171074100347";"1.1000000000000001";"0.94508448496623276";"0.071615565784932667";"4.4645899521325223";"5.1833399521325223";"66";"1.4893945312499999";"1.5536979166666662";"-0.5118258409721923";"16.24403305699725";"Terreno granulare";"0.59237494308198324";"4.4399915820420164";"1.5217232682504644";"1.1884517308526008";"0";"0";"0";"24.79128089714489";"0";"5.032366525124";"1.4078708954271268";"4.6983838762269627";"2.1700905565566675";"1.8644717417940393";"1.071084580931527"
"Globale A2–M2–R2 1";"Soddisfatta nel dominio esplorato";"1.1639171074100347";"1.1000000000000001";"0.94508448496623276";"0.071615565784932667";"4.4645899521325223";"5.1833399521325223";"67";"1.5536979166666662";"1.6180013020833335";"-0.49263793456040794";"16.985807425182855";"Terreno granulare";"0.57016518413565243";"4.6279427354986424";"1.5860199267961386";"1.2546808620661154";"0";"0";"0";"24.79128089714489";"0";"5.1981079196342952";"1.5187190836793103";"4.8475986305634002";"2.2390098994232321";"1.9236850160279106";"1.0723057570940353"
"Globale A2–M2–R2 1";"Soddisfatta nel dominio esplorato";"1.1639171074100347";"1.1000000000000001";"0.94508448496623276";"0.071615565784932667";"4.4645899521325223";"5.1833399521325223";"68";"1.6180013020833335";"1.6823046874999998";"-0.47253802317842641";"17.730527096496957";"Terreno granulare";"0.5468997824894144";"4.8158938889551406";"1.6503170208008697";"1.3211874512888728";"0";"0";"0";"24.79128089714489";"0";"5.362793671444555";"1.6333580761139554";"4.9963094565887296";"2.3076964877729407";"1.9826983150957034";"1.0733509839692847"
"Globale A2–M2–R2 1";"Soddisfatta nel dominio esplorato";"1.1639171074100347";"1.1000000000000001";"0.94508448496623276";"0.071615565784932667";"4.4645899521325223";"5.1833399521325223";"69";"1.6823046874999998";"1.7466080729166671";"-0.45151492041015295";"18.478354808627611";"Terreno granulare";"0.52256578862366254";"5.0038450424117729";"1.7146145073229309";"1.3879775966401826";"0";"0";"0";"24.79128089714489";"0";"5.5264108310354354";"1.7517444793795001";"5.1445891793272214";"2.3761839580436854";"2.0415405383388552";"1.0742181034090164"
"Globale A2–M2–R2 1";"Soddisfatta nel dominio esplorato";"1.1639171074100347";"1.1000000000000001";"0.94508448496623276";"0.071615565784932667";"4.4645899521325223";"5.1833399521325223";"70";"1.7466080729166671";"1.8109114583333334";"-0.42955672939691425";"19.22945885712971";"Terreno granulare";"0.49714943055608785";"5.1917961958682657";"1.7789123487458947";"1.455057183750381";"0";"0";"0";"24.79128089714489";"0";"5.6889456264243536";"1.8738339866051312";"5.2925110386553511";"2.4445061382853863";"2.1002407497256717";"1.0749048202022689"
"Globale A2–M2–R2 1";"Soddisfatta nel dominio esplorato";"1.1639171074100347";"1.1000000000000001";"0.94508448496623276";"0.071615565784932667";"4.4645899521325223";"5.1833399521325223";"71";"1.8109114583333334";"1.8752148437499998";"-0.40665080480623406";"19.984013526229713";"Terreno granulare";"0.47063606980707806";"5.3797473493248269";"1.8432105119670832";"1.5224319578422525";"0";"0";"0";"24.79128089714489";"0";"5.8503834191319051";"1.9995813113314673";"5.4401488920045153";"2.5126971417843609";"2.1588282582903613";"1.0754086947381751"
"Globale A2–M2–R2 1";"Soddisfatta nel dominio esplorato";"1.1639171074100347";"1.1000000000000001";"0.94508448496623276";"0.071615565784932667";"4.4645899521325223";"5.1833399521325223";"72";"1.8752148437499998";"1.9000000000000001";"-0.39022071750102505";"20.508826888621115";"Terreno granulare";"0.17408758493121712";"2.1237582726912341";"1.8876288026973347";"1.5691400073540815";"0";"0";"0";"24.79128089714489";"0";"2.297845857622451";"0.80506363317148155";"2.1362409741862831";"0.98668744120028717";"0.84772999289947581";"1.0756491825542878"
"Globale A2–M2–R2 1";"Soddisfatta nel dominio esplorato";"1.1639171074100347";"1.1000000000000001";"0.94508448496623276";"0.071615565784932667";"4.4645899521325223";"5.1833399521325223";"73";"1.9000000000000001";"1.9395182291666662";"-0.37807238199816062";"20.888750513227905";"Terreno granulare";"0.26892256839258066";"3.4084472656249449";"1.9197495073049791";"1.5850270781948035";"0";"0";"0";"24.79128089714489";"0";"3.6773698340175258";"1.3111762046349316";"3.4183702937001397";"1.5788776074060766";"1.3565206640182634";"1.0757669643908114"
"Globale A2–M2–R2 1";"Soddisfatta nel dominio esplorato";"1.1639171074100347";"1.1000000000000001";"0.94508448496623276";"0.071615565784932667";"4.4645899521325223";"5.1833399521325223";"74";"1.9395182291666662";"2.0038216145833325";"-0.35794117822592675";"21.504204633452041";"Terreno granulare";"0.41425516095514625";"5.546166992187473";"1.9716435577459475";"1.5926684248629885";"0";"0";"0";"24.79128089714489";"0";"5.9604221531426189";"2.1848786765792227";"5.540160081422222";"2.5588903314901907";"2.1985159554740723";"1.0758573877909519"
"Globale A2–M2–R2 1";"Soddisfatta nel dominio esplorato";"1.1639171074100347";"1.1000000000000001";"0.94508448496623276";"0.071615565784932667";"4.4645899521325223";"5.1833399521325223";"75";"2.0038216145833325";"2.0681250000000007";"-0.33210804990551956";"22.270223960468371";"Terreno granulare";"0.38435354801641575";"5.5461669921876258";"2.0359457659558418";"1.6024376204202755";"0";"0";"0";"24.79128089714489";"0";"5.9305205402040411";"2.2474892072367108";"5.5126786331631497";"2.546197194250114";"2.1876104217730323";"1.0757965292094553"
"Globale A2–M2–R2 1";"Soddisfatta nel dominio esplorato";"1.1639171074100347";"1.1000000000000001";"0.94508448496623276";"0.071615565784932667";"4.4645899521325223";"5.1833399521325223";"76";"2.0681250000000007";"2.132428385416667";"-0.30526823144935999";"23.040460822249393";"Terreno granulare";"0.35328668242184469";"5.546166992187473";"2.1002479391227373";"1.6125537119952047";"0";"0";"0";"24.79128089714489";"0";"5.899453674609318";"2.308901754436413";"5.4851011571506767";"2.533459703690617";"2.1766667811319556";"1.0755414541295139"
"Globale A2–M2–R2 1";"Soddisfatta nel dominio esplorato";"1.1639171074100347";"1.1000000000000001";"0.94508448496623276";"0.071615565784932667";"4.4645899521325223";"5.1833399521325223";"77";"2.132428385416667";"2.1967317708333334";"-0.27740462920751519";"23.81512724282258";"Terreno granulare";"0.32103477579347983";"5.546166992187473";"2.1645500747771194";"1.6230186535342135";"0";"0";"0";"24.79128089714489";"0";"5.8672017679809532";"2.3690649590473458";"5.4574109735312479";"2.5206701557173465";"2.1656784144417109";"1.075088864745062"
"Globale A2–M2–R2 1";"Soddisfatta nel dominio esplorato";"1.1639171074100347";"1.1000000000000001";"0.94508448496623276";"0.071615565784932667";"4.4645899521325223";"5.1833399521325223";"78";"2.1967317708333334";"2.2610351562499997";"-0.24849908550313682";"24.594444685102307";"Terreno granulare";"0.28757680787328488";"5.546166992187473";"2.2288521702540973";"1.633834408464564";"0";"0";"0";"24.79128089714489";"0";"5.8337438000607582";"2.4279259671958244";"5.4295908076146873";"2.5078205714926858";"2.1546384665426257";"1.0744352579717922"
"Globale A2–M2–R2 1";"Soddisfatta nel dominio esplorato";"1.1639171074100347";"1.1000000000000001";"0.94508448496623276";"0.071615565784932667";"4.4645899521325223";"5.1833399521325223";"79";"2.2610351562499997";"2.3253385416666661";"-0.21853230691138048";"25.378644818734514";"Terreno granulare";"0.25289044347246181";"5.546166992187473";"2.2931542226719834";"1.6450029374234287";"0";"0";"0";"24.79128089714489";"0";"5.7990574356599351";"2.4854303182500312";"5.4016227183590058";"2.4949026644042958";"2.143539817844923";"1.0735769116103075"
"Globale A2–M2–R2 1";"Soddisfatta nel dominio esplorato";"1.1639171074100347";"1.1000000000000001";"0.94508448496623276";"0.071615565784932667";"4.4645899521325223";"5.1833399521325223";"80";"2.3253385416666661";"2.3896419270833333";"-0.18748378533891064";"26.167970361409211";"Terreno granulare";"0.2169519410823717";"5.5461669921875494";"2.3574562289080938";"1.6565261837637535";"0";"0";"0";"24.79128089714489";"0";"5.7631189332699213";"2.541521822944202";"5.3734880202052224";"2.4819078039621711";"2.1323750533102381";"1.0725098691203221"
"Globale A2–M2–R2 1";"Soddisfatta nel dominio esplorato";"1.1639171074100347";"1.1000000000000001";"0.94508448496623276";"0.071615565784932667";"4.4645899521325223";"5.1833399521325223";"81";"2.3896419270833333";"2.4500000000000002";"-0.15633468145752527";"26.938213984448296";"Terreno granulare";"0.16980417563517425";"5.2058837890625149";"2.4197897834424693";"1.6680353052224057";"0";"0";"0";"24.79128089714489";"0";"5.3756879646976889";"2.4353123656652453";"5.0180402123088408";"2.3177334939047007";"1.9913217867053736";"1.0712723966443249"
"Globale A2–M2–R2 1";"Soddisfatta nel dominio esplorato";"1.1639171074100347";"1.1000000000000001";"0.94508448496623276";"0.071615565784932667";"4.4645899521325223";"5.1833399521325223";"82";"2.4500000000000002";"2.4539453124999997";"-0.13985498523461448";"27.337579847003681";"Terreno granulare";"0.22297875150945901";"0.044384765624994604";"2.451972478135942";"1.5885991492913969";"0";"0";"0";"24.79128089714489";"0";"0.26736351713445361";"0.12278195179145812";"0.24974301199325866";"0.11535135616202866";"0.099106160935043028";"1.0705545472546418"
"Globale A2–M2–R2 1";"Soddisfatta nel dominio esplorato";"1.1639171074100347";"1.1000000000000001";"0.94508448496623276";"0.071615565784932667";"4.4645899521325223";"5.1833399521325223";"83";"2.4539453124999997";"2.5182486979166669";"-0.1220528765661637";"27.763029421628506";"Terreno granulare";"3.6135987223294728";"0.72341308593750653";"2.4860485947388553";"1.5967779092511218";"0";"0";"0";"24.79128089714489";"0";"4.3370118082669791";"2.0202079457541333";"4.0542952759484372";"1.8725987751544466";"1.6088764081502167";"1.0697325954514758"
"Globale A2–M2–R2 1";"Soddisfatta nel dominio esplorato";"1.1639171074100347";"1.1000000000000001";"0.94508448496623276";"0.071615565784932667";"4.4645899521325223";"5.1833399521325223";"84";"2.5182486979166669";"2.5825520833333333";"-0.087622570533326893";"28.56931240800607";"Terreno granulare";"3.5737457184956476";"0.72341308593749631";"2.5503498505251119";"1.612557799261505";"0";"0";"0";"24.79128089714489";"0";"4.2971588044331437";"2.0549520104579138";"4.023507507539569";"1.8583785140515603";"1.5966588189315742";"1.0680131194935725"
"Globale A2–M2–R2 1";"Soddisfatta nel dominio esplorato";"1.1639171074100347";"1.1000000000000001";"0.94508448496623276";"0.071615565784932667";"4.4645899521325223";"5.1833399521325223";"85";"2.5825520833333333";"2.6468554687499997";"-0.052014459837423921";"29.381822104964286";"Terreno granulare";"3.5325293673021352";"0.72341308593749631";"2.6146510099300304";"1.6288492022037961";"0";"0";"0";"24.79128089714489";"0";"4.2559424532396317";"2.0880383318052362";"3.9921926015418352";"1.8439147785256087";"1.5842320443495455";"1.0660664146303795"
"Globale A2–M2–R2 1";"Soddisfatta nel dominio esplorato";"1.1639171074100347";"1.1000000000000001";"0.94508448496623276";"0.071615565784932667";"4.4645899521325223";"5.1833399521325223";"86";"2.6468554687499997";"2.7000000000000002";"-0.018443228510894194";"30.129538261924424";"Terreno granulare";"2.8874139390717182";"0.59787597656250568";"2.6733902424103908";"1.6441792154497272";"0";"0";"0";"24.79128089714489";"0";"3.4852899156342239";"1.7494393821235832";"3.2753851558731166";"1.5128356011544384";"1.2997795045051121";"1.064085519647888"
"Globale A2–M2–R2 1";"Soddisfatta nel dominio esplorato";"1.1639171074100347";"1.1000000000000001";"0.94508448496623276";"0.071615565784932667";"4.4645899521325223";"5.1833399521325223";"87";"2.7000000000000002";"2.7111588541666669";"0.00037138257892177506";"30.541317972299268";"Terreno granulare";"0.69288993337250271";"0";"2.7055776522791253";"1.7251859511025931";"0";"0";"0";"24.79128089714489";"0";"0.69288993337250271";"0.35209842137901864";"0.65187573420627343";"0.30108850449774149";"0.25868552200227385";"1.0629172049427003"
"Globale A2–M2–R2 1";"Soddisfatta nel dominio esplorato";"1.1639171074100347";"1.1000000000000001";"0.94508448496623276";"0.071615565784932667";"4.4645899521325223";"5.1833399521325223";"88";"2.7111588541666669";"2.7754622395833333";"0.022849416329995265";"31.02679538371455";"Terreno granulare";"3.9667317865764948";"0";"2.7432500681087921";"1.7364329302120249";"0";"0";"0";"24.79128089714489";"0";"3.9667317865764948";"2.0445615376090576";"3.7370198724250088";"1.7260555434492477";"1.4829711948216755";"1.0614692781931669"
"Globale A2–M2–R2 1";"Soddisfatta nel dominio esplorato";"1.1639171074100347";"1.1000000000000001";"0.94508448496623276";"0.071615565784932667";"4.4645899521325223";"5.1833399521325223";"89";"2.7754622395833333";"2.8397656249999996";"0.062167210295289266";"31.859943202802391";"Terreno granulare";"3.921221323013679";"0";"2.8075507194750853";"1.75609108744162";"0";"0";"0";"24.79128089714489";"0";"3.921221323013679";"2.0697479544282542";"3.7034339293692402";"1.7105428608378594";"1.4696431987705587";"1.058806879722445"
"Globale A2–M2–R2 1";"Soddisfatta nel dominio esplorato";"1.1639171074100347";"1.1000000000000001";"0.94508448496623276";"0.071615565784932667";"4.4645899521325223";"5.1833399521325223";"90";"2.8397656249999996";"2.904069010416666";"0.10278721042721717";"32.700689824512402";"Terreno granulare";"3.8742034887609291";"0";"2.8718512241469827";"1.7764002787828359";"0";"0";"0";"24.79128089714489";"0";"3.8742034887609291";"2.0929907853170353";"3.6691242046518013";"1.6946958777967112";"1.4560279825835476";"1.055893252087003"
"Globale A2–M2–R2 1";"Soddisfatta nel dominio esplorato";"1.1639171074100347";"1.1000000000000001";"0.94508448496623276";"0.071615565784932667";"4.4645899521325223";"5.1833399521325223";"91";"2.904069010416666";"2.9683723958333332";"0.14474615096354082";"33.549433251652552";"Terreno granulare";"3.825635754306564";"0";"2.9361515683951858";"1.7973788633057859";"0";"0";"0";"24.79128089714489";"0";"3.825635754306564";"2.1142104226784477";"3.6340441901640816";"1.6784931131505825";"1.4421070903284425";"1.0527213083046829"
"Globale A2–M2–R2 1";"Soddisfatta nel dominio esplorato";"1.1639171074100347";"1.1000000000000001";"0.94508448496623276";"0.071615565784932667";"4.4645899521325223";"5.1833399521325223";"92";"2.9683723958333332";"3.0326757812500005";"0.18808344276110045";"34.406597918827131";"Terreno granulare";"3.7754724906314023";"0";"3.0004517368062138";"1.8190465371991102";"0";"0";"0";"24.79128089714489";"0";"3.7754724906314023";"2.1333233967622935";"3.5981435794170769";"1.661911331327498";"1.427860558751995";"1.0492834450044526"
"Globale A2–M2–R2 1";"Soddisfatta nel dominio esplorato";"1.1639171074100347";"1.1000000000000001";"0.94508448496623276";"0.071615565784932667";"4.4645899521325223";"5.1833399521325223";"93";"3.0326757812500005";"3.0969791666666668";"0.23284143265004609";"35.272637414263443";"Terreno granulare";"3.7236646687867498";"0";"3.0647517120148349";"1.8414244632309729";"0";"0";"0";"24.79128089714489";"0";"3.7236646687867498";"2.1502420098838742";"3.5613678221793021";"1.6449253366547931";"1.4132667405457291";"1.0455714923902844"
"Globale A2–M2–R2 1";"Soddisfatta nel dominio esplorato";"1.1639171074100347";"1.1000000000000001";"0.94508448496623276";"0.071615565784932667";"4.4645899521325223";"5.1833399521325223";"94";"3.0969791666666668";"3.1612825520833332";"0.27906569717520302";"36.148037563521228";"Terreno granulare";"3.6701595196249928";"0";"3.1290514743842142";"1.8645354173564372";"0";"0";"0";"24.79128089714489";"0";"3.6701595196249928";"2.1648739247697422";"3.5236576136262721";"1.6275077374073619";"1.398302101623814";"1.0415766575708678"
"Globale A2–M2–R2 1";"Soddisfatta nel dominio esplorato";"1.1639171074100347";"1.1000000000000001";"0.94508448496623276";"0.071615565784932667";"4.4645899521325223";"5.1833399521325223";"95";"3.1612825520833332";"3.2255859374999996";"0.3268053764473855";"37.033319936001504";"Terreno granulare";"3.6149001470482309";"0";"3.1933510016214974";"1.8884039553204675";"0";"0";"0";"24.79128089714489";"0";"3.6149001470482309";"2.177121699572977";"3.4849483060608102";"1.6096286740929111";"1.3829409876745262";"1.0372894601510778"
"Globale A2–M2–R2 1";"Soddisfatta nel dominio esplorato";"1.1639171074100347";"1.1000000000000001";"0.94508448496623276";"0.071615565784932667";"4.4645899521325223";"5.1833399521325223";"96";"3.2255859374999996";"3.2898893229166659";"0.37611355499292909";"37.929045847644382";"Terreno granulare";"3.5578250867892076";"0";"3.2576502683131512";"1.9130566026848699";"0";"0";"0";"24.79128089714489";"0";"3.5578250867892076";"2.1868822606111937";"3.4451692286545863";"1.5912555052540325";"1.367155354211536";"1.0326996587562742"
"Globale A2–M2–R2 1";"Soddisfatta nel dominio esplorato";"1.1639171074100347";"1.1000000000000001";"0.94508448496623276";"0.071615565784932667";"4.4645899521325223";"5.1833399521325223";"97";"3.2898893229166659";"3.354192708333334";"0.42704769793812503";"38.8358209487224";"Terreno granulare";"3.4988678010570555";"0";"3.3219492453598884";"1.9385220724268053";"0";"0";"0";"24.79128089714489";"0";"3.4988678010570555";"2.1940463020329704";"3.4042428973778356";"1.5723524425503719";"1.3509144530482875";"1.0277961668810724"
"Globale A2–M2–R2 1";"Soddisfatta nel dominio esplorato";"1.1639171074100347";"1.1000000000000001";"0.94508448496623276";"0.071615565784932667";"4.4645899521325223";"5.1833399521325223";"98";"3.354192708333334";"3.4184960937500004";"0.47967015267724245";"39.754300505064464";"Terreno granulare";"3.4379560972782168";"0";"3.3862478992850025";"1.9648315151558209";"0";"0";"0";"24.79128089714489";"0";"3.4379560972782168";"2.1984975993140763";"3.3620840931284834";"1.5528801249647108";"1.3341844664696116";"1.0225669561046384"
"Globale A2–M2–R2 1";"Soddisfatta nel dominio esplorato";"1.1639171074100347";"1.1000000000000001";"0.94508448496623276";"0.071615565784932667";"4.4645899521325223";"5.1833399521325223";"99";"3.4184960937500004";"3.4827994791666668";"0.53404872845553841";"40.685195505544556";"Terreno granulare";"3.3750114565161873";"0";"3.4505461913818976";"1.9920188081285826";"0";"0";"0";"24.79128089714489";"0";"3.3750114565161873";"2.2001122205907748";"3.3185987807734763";"1.5327951195295444";"1.3169280782721222";"1.0169989442741743"
"Globale A2–M2–R2 1";"Soddisfatta nel dominio esplorato";"1.1639171074100347";"1.1000000000000001";"0.94508448496623276";"0.071615565784932667";"4.4645899521325223";"5.1833399521325223";"100";"3.4827994791666668";"3.5471028645833331";"0.59025736919574934";"41.629279759789917";"Terreno granulare";"3.3099482537858105";"0";"3.5148440766556064";"2.0201208906763499";"0";"0";"0";"24.79128089714489";"0";"3.3099482537858105";"2.1987576161685096";"3.2736828349975053";"1.5120493328218136";"1.2991039681394905";"1.0110778656993302"
"Globale A2–M2–R2 1";"Soddisfatta nel dominio esplorato";"1.1639171074100347";"1.1000000000000001";"0.94508448496623276";"0.071615565784932667";"4.4645899521325223";"5.1833399521325223";"101";"3.5471028645833331";"3.6114062500000004";"0.64837693860264345";"42.587398189911681";"Terreno granulare";"3.2426728481822398";"0";"3.5791415024980235";"2.0491781554955413";"0";"0";"0";"24.79128089714489";"0";"3.2426728481822398";"2.1942915618712489";"3.2272205300336432";"1.4905893133993684";"1.280666212318375";"1.0047881196852808"
"Globale A2–M2–R2 1";"Soddisfatta nel dominio esplorato";"1.1639171074100347";"1.1000000000000001";"0.94508448496623276";"0.071615565784932667";"4.4645899521325223";"5.1833399521325223";"102";"3.6114062500000004";"3.6757096354166667";"0.70849614136155292";"43.560476571515558";"Terreno granulare";"3.1730825151871147";"0";"3.6434384070156507";"2.0792349076172232";"0";"0";"0";"24.79128089714489";"0";"3.1730825151871147";"2.1865609258741099";"3.1790827388066965";"1.468355420020911";"1.2615635689798537";"0.99811259280976317"
"Globale A2–M2–R2 1";"Soddisfatta nel dominio esplorato";"1.1639171074100347";"1.1000000000000001";"0.94508448496623276";"0.071615565784932667";"4.4645899521325223";"5.1833399521325223";"103";"3.6757096354166667";"3.7400130208333331";"0.77071261047144857";"44.549533046300517";"Terreno granulare";"3.101064186289066";"0";"3.7077347168991319";"2.1103399059474861";"0";"0";"0";"24.79128089714489";"0";"3.101064186289066";"2.1754002208481338";"3.1291247718009569";"1.4452808234617671";"1.2417386206117607";"0.99103244914847521"
"Globale A2–M2–R2 1";"Soddisfatta nel dominio esplorato";"1.1639171074100347";"1.1000000000000001";"0.94508448496623276";"0.071615565784932667";"4.4645899521325223";"5.1833399521325223";"104";"3.7400130208333331";"3.8043164062500003";"0.83513419893617202";"45.555691816777347";"Terreno granulare";"3.0264929515460084";"0";"3.772030344681804";"2.1425470063094818";"0";"0";"0";"24.79128089714489";"0";"3.0264929515460084";"2.1606298929940859";"3.0771837656735257";"1.4212903003660449";"1.2211267377354051";"0.98352688107451325"
"Globale A2–M2–R2 1";"Soddisfatta nel dominio esplorato";"1.1639171074100347";"1.1000000000000001";"0.94508448496623276";"0.071615565784932667";"4.4645899521325223";"5.1833399521325223";"105";"3.8043164062500003";"3.8686197916666667";"0.90188052490848802";"46.580199550952386";"Terreno granulare";"2.9492302680867728";"0";"3.8363251851735676";"2.1759159302754099";"0";"0";"0";"24.79128089714489";"0";"2.9492302680867728";"2.1420542859610081";"3.0230755043074029";"1.3962987649539542";"1.1996548173959043";"0.97557281116021999"
"Globale A2–M2–R2 1";"Soddisfatta nel dominio esplorato";"1.1639171074100347";"1.1000000000000001";"0.94508448496623276";"0.071615565784932667";"4.4645899521325223";"5.1833399521325223";"106";"3.8686197916666667";"3.9329231770833339";"0.97108483398830625";"47.624445182590136";"Terreno granulare";"2.869121800568919";"0";"3.9006191107668764";"2.2105131912627818";"0";"0";"0";"24.79128089714489";"0";"2.869121800568919";"2.1194591994383027";"2.9665905177482497";"1.3702094671978746";"1.1772397350932358";"0.96714453289181512"
"Globale A2–M2–R2 1";"Soddisfatta nel dominio esplorato";"1.1639171074100347";"1.1000000000000001";"0.94508448496623276";"0.071615565784932667";"4.4645899521325223";"5.1833399521325223";"107";"3.9329231770833339";"3.9972265625000003";"1.0428962622449292";"48.689984007469583";"Terreno granulare";"2.7859947965035108";"0";"3.9649119651776763";"2.2464132191239727";"0";"0";"0";"24.79128089714489";"0";"2.7859947965035108";"2.0926089375039933";"2.9074892530535958";"1.3429117623331499";"1.153786428417928";"0.95821327407401924"
"Globale A2–M2–R2 1";"Soddisfatta nel dominio esplorato";"1.1639171074100347";"1.1000000000000001";"0.94508448496623276";"0.071615565784932667";"4.4645899521325223";"5.1833399521325223";"108";"3.9972265625000003";"4.0615299479166662";"1.1174826109226186";"49.778567272429783";"Terreno granulare";"2.6996548674973235";"0";"4.0292035549800103";"2.2836997378724031";"0";"0";"0";"24.79128089714489";"0";"2.6996548674973235";"2.0612427078381748";"2.8454960391412869";"1.3142783233409887";"1.1291855021063655";"0.94874666151776643"
"Globale A2–M2–R2 1";"Soddisfatta nel dominio esplorato";"1.1639171074100347";"1.1000000000000001";"0.94508448496623276";"0.071615565784932667";"4.4645899521325223";"5.1833399521325223";"109";"4.0615299479166662";"4.1258333333333326";"1.195033782100603";"50.892178868956478";"Terreno granulare";"2.6098820028661058";"0";"4.0934936379754294";"2.3224674698974912";"0";"0";"0";"24.79128089714489";"0";"2.6098820028661058";"2.0250701854917499";"2.7802914655224864";"1.2841616208360214";"1.1033102036738307";"0.93870805821275416"
"Globale A2–M2–R2 1";"Soddisfatta nel dominio esplorato";"1.1639171074100347";"1.1000000000000001";"0.94508448496623276";"0.071615565784932667";"4.4645899521325223";"5.1833399521325223";"110";"4.1258333333333326";"4.1901367187499989";"1.2757660790322425";"52.033081333393405";"Terreno granulare";"2.5164255786602343";"0";"4.1577819069327591";"2.3628242665170038";"0";"0";"0";"24.79128089714489";"0";"2.5164255786602343";"1.9837659876609999";"2.7115026472375634";"1.252389426632792";"1.0760125602240069";"0.92805573368107508"
"Globale A2–M2–R2 1";"Soddisfatta nel dominio esplorato";"1.1639171074100347";"1.1000000000000001";"0.94508448496623276";"0.071615565784932667";"4.4645899521325223";"5.1833399521325223";"111";"4.1901367187499989";"4.2544401041666671";"1.3599276536590379";"53.20387421061087";"Terreno granulare";"2.4189980333478598";"0";"4.2220679664085701";"2.4048938028765665";"0";"0";"0";"24.79128089714489";"0";"2.4189980333478598";"1.9369627088576093";"2.6386906313372664";"1.2187589970485715";"1.047118380930556";"0.91674181301122504"
"Globale A2–M2–R2 1";"Soddisfatta nel dominio esplorato";"1.1639171074100347";"1.1000000000000001";"0.94508448496623276";"0.071615565784932667";"4.4645899521325223";"5.1833399521325223";"112";"4.2544401041666671";"4.3187434895833334";"1.4478054999850141";"54.407569099919904";"Terreno granulare";"2.3172667458971072";"0";"4.2863512989727131";"2.4488190311872553";"0";"0";"0";"24.79128089714489";"0";"2.3172667458971072";"1.8842420229917811";"2.5613338747896743";"1.1830294416754605";"1.016420700532493";"0.90471092765576733"
"Globale A2–M2–R2 1";"Soddisfatta nel dominio esplorato";"1.1639171074100347";"1.1000000000000001";"0.94508448496623276";"0.071615565784932667";"4.4645899521325223";"5.1833399521325223";"113";"4.3187434895833334";"4.3830468749999998";"1.5397345671394191";"55.647687606045096";"Terreno granulare";"2.2108434475645953";"0";"4.3506312147607282";"2.4947666700920861";"0";"0";"0";"24.79128089714489";"0";"2.2108434475645953";"1.8251231439435849";"2.4788062245235962";"1.1449115527980946";"0.98367104109825176";"0.89189845728642991"
"Globale A2–M2–R2 1";"Soddisfatta nel dominio esplorato";"1.1639171074100347";"1.1000000000000001";"0.94508448496623276";"0.071615565784932667";"4.4645899521325223";"5.1833399521325223";"114";"4.3830468749999998";"4.4473502604166661";"1.636109836456388";"56.928391361415414";"Terreno granulare";"2.0992701826127735";"0";"4.4149067739565195";"2.5429331362182346";"0";"0";"0";"24.79128089714489";"0";"2.0992701826127735";"1.7590476048107966";"2.3903470454008326";"1.1040540080950378";"0.94856755783218516";"0.87822819981386879"
"Globale A2–M2–R2 1";"Soddisfatta nel dominio esplorato";"1.1639171074100347";"1.1000000000000001";"0.94508448496623276";"0.071615565784932667";"4.4645899521325223";"5.1833399521325223";"115";"4.4473502604166661";"4.5116536458333325";"1.7374026362931225";"58.254657962856015";"Terreno granulare";"1.9820003307936314";"0";"4.4791766637197856";"2.5935525251707996";"0";"0";"0";"24.79128089714489";"0";"1.9820003307936314";"1.6853587908132388";"2.2950198725119764";"1.0600242729522642";"0.91073863095890528";"0.86360922383833882"
"Globale A2–M2–R2 1";"Soddisfatta nel dominio esplorato";"1.1639171074100347";"1.1000000000000001";"0.94508448496623276";"0.071615565784932667";"4.4645899521325223";"5.1833399521325223";"116";"4.5116536458333325";"4.5759570312500006";"1.8441831715308434";"59.632524332301543";"Terreno granulare";"1.8583723803743568";"0";"4.5434389951781773";"2.6469075734347127";"0";"0";"0";"24.79128089714489";"0";"1.8583723803743568";"1.6032738018034738";"2.1916538445358289";"1.0122815496905913";"0.86971962457286578";"0.84793152212773004"
"Globale A2–M2–R2 1";"Soddisfatta nel dominio esplorato";"1.1639171074100347";"1.1000000000000001";"0.94508448496623276";"0.071615565784932667";"4.4645899521325223";"5.1833399521325223";"117";"4.5759570312500006";"4.640260416666667";"1.9571524384107759";"61.06943203732552";"Terreno granulare";"1.7275727389422373";"0";"4.6076909530710708";"2.7033450705853124";"0";"0";"0";"24.79128089714489";"0";"1.7275727389422373";"1.5118437635251651";"2.0787585030720113";"0.96013742506307942";"0.82491907623867744";"0.83105985442234487"
"Globale A2–M2–R2 1";"Soddisfatta nel dominio esplorato";"1.1639171074100347";"1.1000000000000001";"0.94508448496623276";"0.071615565784932667";"4.4645899521325223";"5.1833399521325223";"118";"4.640260416666667";"4.7045638020833334";"2.0771888078203933";"62.574732181277703";"Terreno granulare";"1.5885813828919217";"0";"4.6719281572380904";"2.7632981117751254";"0";"0";"0";"24.79128089714489";"0";"1.5885813828919217";"1.4098961298610448";"1.9543959048097834";"0.90269680139602448";"0.77556794693457043";"0.81282476031719608"
"Globale A2–M2–R2 1";"Soddisfatta nel dominio esplorato";"1.1639171074100347";"1.1000000000000001";"0.94508448496623276";"0.071615565784932667";"4.4645899521325223";"5.1833399521325223";"119";"4.7045638020833334";"4.7688671874999997";"2.2054184863613782";"64.160450399364819";"Terreno granulare";"1.4400895107838128";"0";"4.7361434183063302";"2.8273192042417743";"0";"0";"0";"24.79128089714489";"0";"1.4400895107838128";"1.2959477277602387";"1.8159813740166229";"0.83876586810547493";"0.72064055315065256";"0.79300896550419719"
"Globale A2–M2–R2 1";"Soddisfatta nel dominio esplorato";"1.1639171074100347";"1.1000000000000001";"0.94508448496623276";"0.071615565784932667";"4.4645899521325223";"5.1833399521325223";"120";"4.7688671874999997";"4.8331705729166661";"2.3433268027580434";"65.842497183641129";"Terreno granulare";"1.2803691908779682";"0";"4.8003240985978026";"2.8961311701274148";"0";"0";"0";"24.79128089714489";"0";"1.2803691908779682";"1.1680678431219678";"1.6599587429497482";"0.766702101668568";"0.65872569170724249";"0.77132591175293364"
"Globale A2–M2–R2 1";"Soddisfatta nel dominio esplorato";"1.1639171074100347";"1.1000000000000001";"0.94508448496623276";"0.071615565784932667";"4.4645899521325223";"5.1833399521325223";"121";"4.8331705729166661";"4.8974739583333342";"2.4929436513773302";"67.642688243708662";"Terreno granulare";"1.1070554554284953";"0";"4.8644458588264499";"2.970708005911785";"0";"0";"0";"24.79128089714489";"0";"1.1070554554284953";"1.0236505750836595";"1.4812405469577201";"0.68415570281650262";"0.58780449093913212";"0.74738398007146545"
"Globale A2–M2–R2 1";"Soddisfatta nel dominio esplorato";"1.1639171074100347";"1.1000000000000001";"0.94508448496623276";"0.071615565784932667";"4.4645899521325223";"5.1833399521325223";"122";"4.8974739583333342";"4.9617773437500006";"2.6571743743206486";"69.592355751101366";"Terreno granulare";"0.91675566772787842";"0";"4.9284553986507804";"3.0524056090298508";"0";"0";"0";"24.79128089714489";"0";"0.91675566772787842";"0.85900895660807119";"1.2721715884847415";"0.5875908872536475";"0.504839119137241";"0.72062265501449219"
"Globale A2–M2–R2 1";"Soddisfatta nel dominio esplorato";"1.1639171074100347";"1.1000000000000001";"0.94508448496623276";"0.071615565784932667";"4.4645899521325223";"5.1833399521325223";"123";"4.9617773437500006";"5.0260807291666669";"2.8404461297447541";"71.739415447978786";"Terreno granulare";"0.70428075275696944";"0";"4.9922106773652812";"3.1431569522148934";"0";"0";"0";"24.79128089714489";"0";"0.70428075275696944";"0.66858057954896621";"1.0204189768597784";"0.47131133678095649";"0.40493548361852444";"0.69018782355882102"
"Globale A2–M2–R2 1";"Soddisfatta nel dominio esplorato";"1.1639171074100347";"1.1000000000000001";"0.94508448496623276";"0.071615565784932667";"4.4645899521325223";"5.1833399521325223";"124";"5.0260807291666669";"5.0903841145833333";"3.0501411584564888";"74.164066075418702";"Terreno granulare";"0.46091832545297978";"0";"5.0551754021505566";"3.2454897129971969";"0";"0";"0";"24.79128089714489";"0";"0.46091832545297978";"0.44315327101540675";"0.70406266154234864";"0.3251926137342715";"0.27939499442352456";"0.65465526100087901"
"Globale A2–M2–R2 1";"Soddisfatta nel dominio esplorato";"1.1639171074100347";"1.1000000000000001";"0.94508448496623276";"0.071615565784932667";"4.4645899521325223";"5.1833399521325223";"125";"5.0903841145833333";"5.1546874999999996";"3.3004517415618313";"77.021095248758584";"Terreno granulare";"0.16966246015224451";"0";"5.1122893037228714";"3.3543535516229537";"0";"0";"0";"24.79128089714489";"0";"0.16966246015224451";"0.16499267173311877";"0.27754963721388942";"0.12819468620713761";"0.11014073544498224";"0.61128691017346459"
"Globale A2–M2–R2 2";"Non soddisfatta";"1.0616243331895374";"1.1000000000000001";"1.0361480663269718";"0.071615565784932667";"4.4645899521325223";"5.1833399521325223";"1";"-2.5617187500000003";"-2.4974153645833335";"-0.01880853793921311";"-30.121492630797459";"Terreno granulare";"0.021710695591938563";"0";"-2.5189086700709482";"-0.012470603644676762";"0";"0";"0";"24.79128089714489";"0";"0.021710695591938563";"-0.010850548802045532";"0.033575139070336678";"0.0155076924642704";"0.014607514145497389";"0.64663010170878965"
"Globale A2–M2–R2 2";"Non soddisfatta";"1.0616243331895374";"1.1000000000000001";"1.0361480663269718";"0.071615565784932667";"4.4645899521325223";"5.1833399521325223";"2";"-2.4974153645833335";"-2.4331119791666671";"-0.055504824849829326";"-29.303088075759696";"Terreno granulare";"0.064186650573640855";"0";"-2.4617762139125152";"-0.028706046964196902";"0";"0";"0";"24.79128089714489";"0";"0.064186650573640855";"-0.031371651180755272";"0.097384244376993681";"0.044979855764708483";"0.042368900522062533";"0.65910713775384067"
"Globale A2–M2–R2 2";"Non soddisfatta";"1.0616243331895374";"1.1000000000000001";"1.0361480663269718";"0.071615565784932667";"4.4645899521325223";"5.1833399521325223";"3";"-2.4331119791666671";"-2.3688085937500003";"-0.090998013682281886";"-28.491193026658479";"Terreno granulare";"0.10526997574910914";"0";"-2.3989039137157451";"-0.046032602699200904";"0";"0";"0";"24.79128089714489";"0";"0.10526997574910914";"-0.050174506803810894";"0.1568029372590875";"0.072424174429006533";"0.068220152990856764";"0.67135206514129386"
"Globale A2–M2–R2 2";"Non soddisfatta";"1.0616243331895374";"1.1000000000000001";"1.0361480663269718";"0.071615565784932667";"4.4645899521325223";"5.1833399521325223";"4";"-2.3688085937500003";"-2.3045052083333335";"-0.12531601475809584";"-27.685495290105692";"Terreno granulare";"0.14499298317015227";"0";"-2.335213603827254";"-0.063012727305070335";"0";"0";"0";"24.79128089714489";"0";"0.14499298317015227";"-0.067325960578649147";"0.21217338514018613";"0.097998688820448474";"0.092310138112623924";"0.68337026849222038"
"Globale A2–M2–R2 2";"Non soddisfatta";"1.0616243331895374";"1.1000000000000001";"1.0361480663269718";"0.071615565784932667";"4.4645899521325223";"5.1833399521325223";"5";"-2.3045052083333335";"-2.2402018229166671";"-0.15848499910582525";"-26.885699263274951";"Terreno granulare";"0.18338597101918278";"0";"-2.2712508203080999";"-0.079498627858795606";"0";"0";"0";"24.79128089714489";"0";"0.18338597101918278";"-0.082890343128103894";"0.26380139535437475";"0.12184464529635772";"0.11477190328737892";"0.69516679687320537"
"Globale A2–M2–R2 2";"Non soddisfatta";"1.0616243331895374";"1.1000000000000001";"1.0361480663269718";"0.071615565784932667";"4.4645899521325223";"5.1833399521325223";"6";"-2.2402018229166671";"-2.1758984375000003";"-0.19052952795439726";"-26.091524570756974";"Terreno granulare";"0.22047737357720931";"0";"-2.2071642463585963";"-0.095458742490671447";"0";"0";"0";"24.79128089714489";"0";"0.22047737357720931";"-0.096929661681840293";"0.31196108968894426";"0.14408865528688075";"0.13572471050468646";"0.7067463887789559"
"Globale A2–M2–R2 2";"Non soddisfatta";"1.0616243331895374";"1.1000000000000001";"1.0361480663269718";"0.071615565784932667";"4.4645899521325223";"5.1833399521325223";"7";"-2.1758984375000003";"-2.1115950520833335";"-0.22147266932804577";"-25.30270483518888";"Terreno granulare";"0.25629389625060078";"0";"-2.1430110482929217";"-0.11088775164256705";"0";"0";"0";"24.79128089714489";"0";"0.25629389625060078";"-0.10950377341713227";"0.35689887207023302";"0.16484452789057827";"0.15527576256218659";"0.71811349462647089"
"Globale A2–M2–R2 2";"Non soddisfatta";"1.0616243331895374";"1.1000000000000001";"1.0361480663269718";"0.071615565784932667";"4.4645899521325223";"5.1833399521325223";"8";"-2.1115950520833335";"-2.0472916666666672";"-0.25133610325288558";"-24.518986565674144";"Terreno granulare";"0.29086063740634688";"0";"-2.0788178980530887";"-0.12578863448347274";"0";"0";"0";"24.79128089714489";"0";"0.29086063740634688";"-0.12067054327288193";"0.39883681113635672";"0.18421483221784599";"0.17352167471933513";"0.72927229705210361"
"Globale A2–M2–R2 2";"Non soddisfatta";"1.0616243331895374";"1.1000000000000001";"1.0361480663269718";"0.071615565784932667";"4.4645899521325223";"5.1833399521325223";"9";"-2.0472916666666672";"-1.9829882812500002";"-0.28014021687856339";"-23.740128150201052";"Terreno granulare";"0.32420119852600393";"0";"-2.0145989140519518";"-0.14016742555778358";"0";"0";"0";"24.79128089714489";"0";"0.32420119852600393";"-0.1304859879906502";"0.43797553602096989";"0.20229223489614209";"0.19054973456418109";"0.74022672926298205"
"Globale A2–M2–R2 2";"Non soddisfatta";"1.0616243331895374";"1.1000000000000001";"1.0361480663269718";"0.071615565784932667";"4.4645899521325223";"5.1833399521325223";"10";"-1.9829882812500002";"-1.9186848958333336";"-0.30790419064364993";"-22.965898940118684";"Terreno granulare";"0.35633778398594657";"0";"-1.9503622693187328";"-0.15403130909294646";"0";"0";"0";"24.79128089714489";"0";"0.35633778398594657";"-0.13900440790751373";"0.47449672520524139";"0.21916064962147361";"0.20643898483659351";"0.75098049166053626"
"Globale A2–M2–R2 2";"Non soddisfatta";"1.0616243331895374";"1.1000000000000001";"1.0361480663269718";"0.071615565784932667";"4.4645899521325223";"5.1833399521325223";"11";"-1.9186848958333336";"-1.8543815104166668";"-0.33464607646512246";"-22.196078416297865";"Terreno granulare";"0.38729129159980286";"0";"-1.8861130230664525";"-0.16738782307069203";"0";"0";"0";"24.79128089714489";"0";"0.38729129159980286";"-0.14627850783087654";"0.50856525364353677";"0.234896228873269";"0.22126115757685041";"0.76153706692526579"
"Globale A2–M2–R2 2";"Non soddisfatta";"1.0616243331895374";"1.1000000000000001";"1.0361480663269718";"0.071615565784932667";"4.4645899521325223";"5.1833399521325223";"12";"-1.8543815104166668";"-1.7900781250000002";"-0.36038286880589432";"-21.430455427939801";"Terreno granulare";"0.41708139491223034";"0";"-1.8218544747427974";"-0.18024449546978047";"0";"0";"0";"24.79128089714489";"0";"0.41708139491223034";"-0.15235950815900334";"0.54033105167447759";"0.2495682225086186";"0.23508148288087691";"0.77189973372750187"
"Globale A2–M2–R2 2";"Non soddisfatta";"1.0616243331895374";"1.1000000000000001";"1.0361480663269718";"0.071615565784932667";"4.4645899521325223";"5.1833399521325223";"13";"-1.7900781250000002";"-1.7257747395833336";"-0.38513056936632584";"-20.668827496134234";"Terreno granulare";"0.4457266181082955";"0";"-1.7575888680650782";"-0.19260866901435775";"0";"0";"0";"24.79128089714489";"0";"0.4457266181082955";"-0.15729724726876632";"0.56993071984490595";"0.26323972361751491";"0.24795939146066778";"0.78207157920806614"
"Globale A2–M2–R2 2";"Non soddisfatta";"1.0616243331895374";"1.1000000000000001";"1.0361480663269718";"0.071615565784932667";"4.4645899521325223";"5.1833399521325223";"14";"-1.7257747395833336";"-1.6614713541666668";"-0.40890424605296616";"-19.911000175244641";"Terreno granulare";"0.4732444042951004";"0";"-1.6933177821193273";"-0.20448741534628717";"0";"0";"0";"24.79128089714489";"0";"0.4732444042951004";"-0.16114027606965531";"0.59748893620230403";"0.27596831852337866";"0.25994912691409511";"0.79205551035486355"
"Globale A2–M2–R2 2";"Non soddisfatta";"1.0616243331895374";"1.1000000000000001";"1.0361480663269718";"0.071615565784932667";"4.4645899521325223";"5.1833399521325223";"15";"-1.6614713541666668";"-1.5971679687500002";"-0.43171808679804258";"-19.156786466035832";"Terreno granulare";"0.49965117782004759";"0";"-1.6290423606107849";"-0.21588749435129609";"0";"0";"0";"24.79128089714489";"0";"0.49965117782004759";"-0.16393594551772028";"0.62311968647147054";"0.28780665497732694";"0.27110028093708294";"0.80185426438605079"
"Globale A2–M2–R2 2";"Non soddisfatta";"1.0616243331895374";"1.1000000000000001";"1.0361480663269718";"0.071615565784932667";"4.4645899521325223";"5.1833399521325223";"16";"-1.5971679687500002";"-1.5328645833333336";"-0.45358544873439399";"-18.406006275181376";"Terreno granulare";"0.5249624012103522";"0";"-1.5647634523656007";"-0.22681533733369608";"0";"0";"0";"24.79128089714489";"0";"0.5249624012103522";"-0.16573048779197255";"0.64692734252813455";"0.29880294028379817";"0.28145826253442824";"0.81147041823714827"
"Globale A2–M2–R2 2";"Non soddisfatta";"1.0616243331895374";"1.1000000000000001";"1.0361480663269718";"0.071615565784932667";"4.4645899521325223";"5.1833399521325223";"17";"-1.5328645833333336";"-1.4685611979166668";"-0.47451890317090495";"-17.658485916411394";"Terreno granulare";"0.54919262724928986";"0";"-1.5004817007382989";"-0.23727704315780096";"0";"0";"0";"24.79128089714489";"0";"0.54919262724928986";"-0.16656909175677515";"0.669007610486547";"0.30900137920345294";"0.29106471050365917";"0.8209063972379631"
"Globale A2–M2–R2 2";"Non soddisfatta";"1.0616243331895374";"1.1000000000000001";"1.0361480663269718";"0.071615565784932667";"4.4645899521325223";"5.1833399521325223";"18";"-1.4685611979166668";"-1.4042578125";"-0.49453027676180561";"-16.914057649101444";"Terreno granulare";"0.57235554664482224";"0";"-1.4361976023647078";"-0.24727838152511231";"0";"0";"0";"24.79128089714489";"0";"0.57235554664482224";"-0.16649597326517093";"0.68944836635074325";"0.31844255992395948";"0.29995785700129224";"0.83016448305520774"
"Globale A2–M2–R2 2";"Non soddisfatta";"1.0616243331895374";"1.1000000000000001";"1.0361480663269718";"0.071615565784932667";"4.4645899521325223";"5.1833399521325223";"19";"-1.4042578125";"-1.3399544270833337";"-0.51363068921806398";"-16.172559250571741";"Terreno granulare";"0.59446403169395401";"0";"-1.3719115468606287";"-0.25682480014061504";"0";"0";"0";"24.79128089714489";"0";"0.59446403169395401";"-0.16555444079830503";"0.70833039439850232";"0.32716379510493526";"0.30817284879106571";"0.83924682096800185"
"Globale A2–M2–R2 2";"Non soddisfatta";"1.0616243331895374";"1.1000000000000001";"1.0361480663269718";"0.071615565784932667";"4.4645899521325223";"5.1833399521325223";"20";"-1.3399544270833337";"-1.2756510416666669";"-0.53183058786979664";"-15.433833618773978";"Terreno granulare";"0.61553017630060314";"0";"-1.3076238443071182";"-0.26592143390542561";"0";"0";"0";"24.79128089714489";"0";"0.61553017630060314";"-0.1637869568839336";"0.72572804116178624";"0.33519942393857366";"0.31574203177078902";"0.84815542653585196"
"Globale A2–M2–R2 2";"Non soddisfatta";"1.0616243331895374";"1.1000000000000001";"1.0361480663269718";"0.071615565784932667";"4.4645899521325223";"5.1833399521325223";"21";"-1.2756510416666669";"-1.2113476562500003";"-0.54913977935410685";"-14.697728402398537";"Terreno granulare";"0.63556533266475734";"0";"-1.2433347446935086";"-0.27457311504311488";"0";"0";"0";"24.79128089714489";"0";"0.63556533266475734";"-0.16123519569134548";"0.74170979594867159";"0.34258108028123835";"0.32269520353964565";"0.85689219171205377"
"Globale A2–M2–R2 2";"Non soddisfatta";"1.0616243331895374";"1.1000000000000001";"1.0361480663269718";"0.071615565784932667";"4.4645899521325223";"5.1833399521325223";"22";"-1.2113476562500003";"-1.1470442708333335";"-0.56556745867251479";"-13.96409565574575";"Terreno granulare";"0.6545801449258426";"0";"-1.1790444519371663";"-0.28278438350961582";"0";"0";"0";"24.79128089714489";"0";"0.6545801449258426";"-0.15794009716007101";"0.75633880724915614";"0.34933793117108863";"0.32905983807053479";"0.86545889044961855"
"Globale A2–M2–R2 2";"Non soddisfatta";"1.0616243331895374";"1.1000000000000001";"1.0361480663269718";"0.071615565784932667";"4.4645899521325223";"5.1833399521325223";"23";"-1.1470442708333335";"-1.0827408854166667";"-0.58112223583545397";"-13.232791515976942";"Terreno granulare";"0.67258458001199672";"0";"-1.1147531341677825";"-0.2905594972979017";"0";"0";"0";"24.79128089714489";"0";"0.67258458001199672";"-0.15394191798452098";"0.76967334302288759";"0.35549688942587465";"0.33486128596715758";"0.8738571838416862"
"Globale A2–M2–R2 2";"Non soddisfatta";"1.0616243331895374";"1.1000000000000001";"1.0361480663269718";"0.071615565784932667";"4.4645899521325223";"5.1833399521325223";"24";"-1.0827408854166667";"-1.0184375000000001";"-0.59581216028781814";"-12.503675900599513";"Terreno granulare";"0.68958795592004019";"0";"-1.0504609313894357";"-0.29790244240629632";"0";"0";"0";"24.79128089714489";"0";"0.68958795592004019";"-0.14928027974589009";"0.78176720173660263";"0.36108280349299837";"0.34012295329381109";"0.88208862483384154"
"Globale A2–M2–R2 2";"Non soddisfatta";"1.0616243331895374";"1.1000000000000001";"1.0361480663269718";"0.071615565784932667";"4.4645899521325223";"5.1833399521325223";"25";"-1.0184375000000001";"-0.95413411458333353";"-0.60964474328863272";"-11.776612223249943";"Terreno granulare";"0.70559896762652496";"0";"-0.98616796127018491";"-0.30481694233603368";"0";"0";"0";"24.79128089714489";"0";"0.70559896762652496";"-0.14399421445536567";"0.79267008006425643";"0.36611862728292854";"0.34486646155044698";"0.89015466254173081"
"Globale A2–M2–R2 2";"Non soddisfatta";"1.0616243331895374";"1.1000000000000001";"1.0361480663269718";"0.071615565784932667";"4.4645899521325223";"5.1833399521325223";"26";"-0.95413411458333353";"-0.88983072916666694";"-0.62262697839946668";"-11.051467126022686";"Terreno granulare";"0.7206257108089148";"0";"-0.92187432357378729";"-0.31130646704378789";"0";"0";"0";"24.79128089714489";"0";"0.7206257108089148";"-0.13812220774870246";"0.80242790235458683";"0.37062557234374993";"0.34911179101391243";"0.89805664620380532"
"Globale A2–M2–R2 2";"Non soddisfatta";"1.0616243331895374";"1.1000000000000001";"1.0361480663269718";"0.071615565784932667";"4.4645899521325223";"5.1833399521325223";"27";"-0.88983072916666694";"-0.82552734375000014";"-0.63476536021968766";"-10.328110226755355";"Terreno granulare";"0.73467570353686429";"0";"-0.85758010359285175";"-0.31737424131244679";"0";"0";"0";"24.79128089714489";"0";"0.73467570353686429";"-0.13170223995103261";"0.81108311628409901";"0.37462324441742806";"0.35287740936750417";"0.9057958287958352"
"Globale A2–M2–R2 2";"Non soddisfatta";"1.0616243331895374";"1.1000000000000001";"1.0361480663269718";"0.071615565784932667";"4.4645899521325223";"5.1833399521325223";"28";"-0.82552734375000014";"-0.76122395833333356";"-0.64606590149194343";"-9.6064138798231138";"Terreno granulare";"0.74775590607644049";"0";"-0.79328537483827444";"-0.32302325252685304";"0";"0";"0";"24.79128089714489";"0";"0.74775590607644049";"-0.12477182521204173";"0.81867495852814387";"0.37812976614802363";"0.35618038728631335";"0.91337337033099764"
"Globale A2–M2–R2 2";"Non soddisfatta";"1.0616243331895374";"1.1000000000000001";"1.0361480663269718";"0.071615565784932667";"4.4645899521325223";"5.1833399521325223";"29";"-0.76122395833333356";"-0.69692057291666676";"-0.65653414868804294";"-8.8862529491214328";"Terreno granulare";"0.75987273893493867";"0";"-0.72899020116836311";"-0.32825625785571655";"0";"0";"0";"24.79128089714489";"0";"0.75987273893493867";"-0.11736804889511791";"0.82523969378265205";"0.3811618874811028";"0.35903650242825769";"0.92079034086679612"
"Globale A2–M2–R2 2";"Non soddisfatta";"1.0616243331895374";"1.1000000000000001";"1.0361480663269718";"0.071615565784932667";"4.4645899521325223";"5.1833399521325223";"30";"-0.69692057291666676";"-0.63261718750000018";"-0.66617519617356358";"-8.167504592027063";"Terreno granulare";"0.77103209926004534";"0";"-0.66469463849141608";"-0.3330757908496228";"0";"0";"0";"24.79128089714489";"0";"0.77103209926004534";"-0.1095276033894354";"0.83081083004014455";"0.38373508509546711";"0.36146033309407655";"0.92804772323777873"
"Globale A2–M2–R2 2";"Non soddisfatta";"1.0616243331895374";"1.1000000000000001";"1.0361480663269718";"0.071615565784932667";"4.4645899521325223";"5.1833399521325223";"31";"-0.63261718750000018";"-0.5683138020833336";"-0.67499369903878748";"-7.450048053224938";"Terreno granulare";"0.78123937569493596";"0";"-0.60039873614055361";"-0.33748416747004367";"0";"0";"0";"24.79128089714489";"0";"0.78123937569493596";"-0.10128682250106685";"0.83541931265529712";"0.38586365203819833";"0.36346534265931152";"0.93514641553095579"
"Globale A2–M2–R2 2";"Non soddisfatta";"1.0616243331895374";"1.1000000000000001";"1.0361480663269718";"0.071615565784932667";"4.4645899521325223";"5.1833399521325223";"32";"-0.5683138020833336";"-0.50401041666666702";"-0.68299388467386457";"-6.7337644673746953";"Terreno granulare";"0.79049946177937724";"0";"-0.53610253799463725";"-0.34148349156678526";"0";"0";"0";"24.79128089714489";"0";"0.79049946177937724";"-0.092681714567783263";"0.8390936994172703";"0.38756077858710392";"0.36506395574291217";"0.94208723331894817"
"Globale A2–M2–R2 2";"Non soddisfatta";"1.0616243331895374";"1.1000000000000001";"1.0361480663269718";"0.071615565784932667";"4.4645899521325223";"5.1833399521325223";"33";"-0.50401041666666702";"-0.43970703125000021";"-0.69017956315729645";"-6.0185366696660649";"Terreno granulare";"0.79881676797694445";"0";"-0.47180608340109476";"-0.34507565982225119";"0";"0";"0";"24.79128089714489";"0";"0.79881676797694445";"-0.083747994432217185";"0.84186031857160215";"0.38883862523790286";"0.36626762695771919";"0.94887091166419346"
"Globale A2–M2–R2 2";"Non soddisfatta";"1.0616243331895374";"1.1000000000000001";"1.0361480663269718";"0.071615565784932667";"4.4645899521325223";"5.1833399521325223";"34";"-0.43970703125000021";"-0.37540364583333341";"-0.69655413651875353";"-5.3042490133785334";"Terreno granulare";"0.80619523239894764";"0";"-0.40750940794331386";"-0.34826236618078166";"0";"0";"0";"24.79128089714489";"0";"0.80619523239894764";"-0.074521114399233146";"0.84374341149612908";"0.38970838860341067";"0.36708690298438551";"0.95549810690598358"
"Globale A2–M2–R2 2";"Non soddisfatta";"1.0616243331895374";"1.1000000000000001";"1.0361480663269718";"0.071615565784932667";"4.4645899521325223";"5.1833399521325223";"35";"-0.37540364583333341";"-0.31110026041666705";"-0.70212060692985823";"-4.5907871936185529";"Terreno granulare";"0.81263833028720212";"0";"-0.3432125440855841";"-0.35104510578053277";"0";"0";"0";"24.79128089714489";"0";"0.81263833028720212";"-0.06503629429566575";"0.84476526152850395";"0.39018036091642111";"0.36753147862028152";"0.96196939824067584"
"Globale A2–M2–R2 2";"Non soddisfatta";"1.0616243331895374";"1.1000000000000001";"1.0361480663269718";"0.071615565784932667";"4.4645899521325223";"5.1833399521325223";"36";"-0.31110026041666705";"-0.2467968749999998";"-0.70688158386971089";"-3.8780380764576483";"Terreno granulare";"0.81814908230981853";"0";"-0.27891552172136624";"-0.35342517840412685";"0";"0";"0";"24.79128089714489";"0";"0.81814908230981853";"-0.055328550743879303";"0.84494631026233724";"0.39026398374459315";"0.36761024737638265";"0.96828528910411038"
"Globale A2–M2–R2 2";"Non soddisfatta";"1.0616243331895374";"1.1000000000000001";"1.0361480663269718";"0.071615565784932667";"4.4645899521325223";"5.1833399521325223";"37";"-0.2467968749999998";"-0.18249348958333345";"-0.71083929030561599";"-3.1658895327381229";"Terreno granulare";"0.82273006171673135";"0";"-0.21461836864530626";"-0.35540369146278672";"0";"0";"0";"24.79128089714489";"0";"0.82273006171673135";"-0.0454327257548151";"0.84430526247107052";"0.38996789645271218";"0.36733134712643134";"0.9744462083640294"
"Globale A2–M2–R2 2";"Non soddisfatta";"1.0616243331895374";"1.1000000000000001";"1.0361480663269718";"0.071615565784932667";"4.4645899521325223";"5.1833399521325223";"38";"-0.18249348958333345";"-0.11819010416666709";"-0.71399556792353103";"-2.4542302758498828";"Terreno granulare";"0.8263834003952657";"0";"-0.15032111096537398";"-0.35698156252697666";"0";"0";"0";"24.79128089714489";"0";"0.8263834003952657";"-0.035383514741279355";"0.84285918068072985";"0.38929997988397341";"0.36670220125264369";"0.980452511329167"
"Globale A2–M2–R2 2";"Non soddisfatta";"1.0616243331895374";"1.1000000000000001";"1.0361480663269718";"0.071615565784932667";"4.4645899521325223";"5.1833399521325223";"39";"-0.11819010416666709";"-0.053886718750000284";"-0.71635188143717698";"-1.7429497028129819";"Terreno granulare";"0.82911079385879605";"0";"-0.086023773468490536";"-0.35815952141478358";"0";"0";"0";"24.79128089714489";"0";"0.82911079385879605";"-0.025215494048004546";"0.84062357029011991";"0.38826739567531598";"0.36572955567889809";"0.98630448058058795"
"Globale A2–M2–R2 2";"Non soddisfatta";"1.0616243331895374";"1.1000000000000001";"1.0361480663269718";"0.071615565784932667";"4.4645899521325223";"5.1833399521325223";"40";"-0.053886718750000284";"0";"-0.71781288802227383";"-1.0895196601494648";"Terreno granulare";"0.69622780837744935";"0";"-0.026936947966851938";"-0.35889482778139831";"0";"0";"0";"24.79128089714489";"0";"0.69622780837744935";"-0.013237603802402338";"0.70216350910599967";"0.32431543279798491";"0.30548982597602459";"0.99154655482437737"
"Globale A2–M2–R2 2";"Non soddisfatta";"1.0616243331895374";"1.1000000000000001";"1.0361480663269718";"0.071615565784932667";"4.4645899521325223";"5.1833399521325223";"41";"0";"0.010416666666666519";"-0.71832458882329941";"-0.73407460804094948";"Terreno granulare";"0.13468569681884157";"0.11718749999999832";"0.005208419578957596";"-0.087372447951485688";"0";"0";"0";"24.79128089714489";"0";"0.25187319681883991";"-0.0032269116749005775";"0.25330590441119455";"0.11699698567929984";"0.11020563679790085";"0.99434396290254279"
"Globale A2–M2–R2 2";"Non soddisfatta";"1.0616243331895374";"1.1000000000000001";"1.0361480663269718";"0.071615565784932667";"4.4645899521325223";"5.1833399521325223";"42";"0.010416666666666519";"0.074720052083333321";"-0.71866860973499858";"-0.32108467906192467";"Terreno granulare";"0.83179236800414746";"0.72341308593750142";"0.042569796556152305";"-0.087518835391560565";"0";"0";"0";"24.79128089714489";"0";"1.5552054539416489";"-0.0087148709395271431";"1.5590310223372736";"0.72008558433712189";"0.67828662345530577";"0.9975461884075344"
"Globale A2–M2–R2 2";"Non soddisfatta";"1.0616243331895374";"1.1000000000000001";"1.0361480663269718";"0.071615565784932667";"4.4645899521325223";"5.1833399521325223";"43";"0.074720052083333321";"0.13902343749999968";"-0.71863009540694378";"0.38971895609524893";"Terreno granulare";"0.8317477883161889";"0.72341308593749631";"0.10687000034353387";"-0.08750074648748829";"0";"0";"0";"24.79128089714489";"0";"1.5551608742536853";"0.010577411046890148";"1.5506080817876717";"0.71619519474217719";"0.67462206013161441";"1.0029361335849383"
"Globale A2–M2–R2 2";"Non soddisfatta";"1.0616243331895374";"1.1000000000000001";"1.0361480663269718";"0.071615565784932667";"4.4645899521325223";"5.1833399521325223";"44";"0.13902343749999968";"0.20332682291666648";"-0.71779376122805871";"1.1005825809607397";"Terreno granulare";"0.83077974554238654";"0.72341308593750142";"0.17117020021524282";"-0.087107964569753824";"0";"0";"0";"24.79128089714489";"0";"1.5541928314798881";"0.029850849182394699";"1.541594675097006";"0.71203208051884004";"0.67070060308396984";"1.0081721587304324"
"Globale A2–M2–R2 2";"Non soddisfatta";"1.0616243331895374";"1.1000000000000001";"1.0361480663269718";"0.071615565784932667";"4.4645899521325223";"5.1833399521325223";"45";"0.20332682291666648";"0.25";"-0.7164305289045112";"1.7141288420287066";"Terreno granulare";"0.6018708697817744";"0.52507324218750195";"0.22665936156068844";"-0.086475135582370757";"0";"0";"0";"24.79128089714489";"0";"1.1269441119692765";"0.033709093819896875";"1.1129579850627893";"0.51405327381819599";"0.48421391423252103";"1.0125666261388098"
"Globale A2–M2–R2 2";"Non soddisfatta";"1.0616243331895374";"1.1000000000000001";"1.0361480663269718";"0.071615565784932667";"4.4645899521325223";"5.1833399521325223";"46";"0.25";"0.26763020833333329";"-0.71536848324153457";"2.0697227291002167";"Terreno granulare";"0.2270169226394507";"0.205404031156289";"0.25886241945886518";"-0.077052850650425414";"0";"0";"0";"24.79128089714489";"0";"0.43242095379573969";"0.01562109832823542";"0.42600513837425785";"0.19676334505323323";"0.18534178136448576";"1.0150604179235165"
"Globale A2–M2–R2 2";"Non soddisfatta";"1.0616243331895374";"1.1000000000000001";"1.0361480663269718";"0.071615565784932667";"4.4645899521325223";"5.1833399521325223";"47";"0.26763020833333329";"0.33193359374999964";"-0.71372571831754161";"2.5229280215841792";"Terreno granulare";"0.82607105398565028";"0.86891966636734308";"0.30036572981342047";"-0.034828572770863944";"0";"0";"0";"24.79128089714489";"0";"1.6949907203529935";"0.074803005183557925";"1.6647226017086632";"0.76890243377804068";"0.72426979086656307";"1.0181820794727381"
"Globale A2–M2–R2 2";"Non soddisfatta";"1.0616243331895374";"1.1000000000000001";"1.0361480663269718";"0.071615565784932667";"4.4645899521325223";"5.1833399521325223";"48";"0.33193359374999964";"0.39623697916666689";"-0.71049212662356265";"3.2346296888904571";"Terreno granulare";"0.82232822553685891";"1.0568708198239201";"0.36460924243006232";"0.029910590781255911";"0";"0";"0";"24.79128089714489";"0";"1.879199045360779";"0.1062236786575706";"1.8370289225537895";"0.84848731435644675";"0.79923499097581618";"1.0229556117975354"
"Globale A2–M2–R2 2";"Non soddisfatta";"1.0616243331895374";"1.1000000000000001";"1.0361480663269718";"0.071615565784932667";"4.4645899521325223";"5.1833399521325223";"49";"0.39623697916666689";"0.46054036458333325";"-0.70645694478729038";"3.9468313562528876";"Terreno granulare";"0.81765756961492031";"1.2448219732804677";"0.42886365369991125";"0.094094516657650243";"0";"0";"0";"24.79128089714489";"0";"2.0624795428953879";"0.14215098370308438";"2.0071338375086567";"0.92705540910818363";"0.87324242684127651";"1.0275744967039311"
"Globale A2–M2–R2 2";"Non soddisfatta";"1.0616243331895374";"1.1000000000000001";"1.0361480663269718";"0.071615565784932667";"4.4645899521325223";"5.1833399521325223";"50";"0.46054036458333325";"0.52484375000000005";"-0.70161829450964674";"4.6596443846565503";"Terreno granulare";"0.81205691195009244";"1.4327731267370387";"0.49312623279093809";"0.15793461652122648";"0";"0";"0";"24.79128089714489";"0";"2.2448300386871312";"0.1825502119599231";"2.1751420295829651";"1.004655069044315";"0.94633764283259758";"1.032038371819576"
"Globale A2–M2–R2 2";"Non soddisfatta";"1.0616243331895374";"1.1000000000000001";"1.0361480663269718";"0.071615565784932667";"4.4645899521325223";"5.1833399521325223";"51";"0.52484375000000005";"0.58914713541666641";"-0.69597391574577383";"5.3731809931434027";"Terreno granulare";"0.80552363637219448";"1.620724280193591";"0.55739509061279946";"0.22157724966017692";"0";"0";"0";"24.79128089714489";"0";"2.4262479165657855";"0.22738650578745512";"2.3411544416748078";"1.0813329176923505";"1.0185645561114831";"1.0363468011235106"
"Globale A2–M2–R2 2";"Non soddisfatta";"1.0616243331895374";"1.1000000000000001";"1.0361480663269718";"0.071615565784932667";"4.4645899521325223";"5.1833399521325223";"52";"0.58914713541666641";"0.65345052083333321";"-0.68952116138417807";"6.0875544213894184";"Terreno granulare";"0.79805467865062729";"1.8086754336501645";"0.6216688786919784";"0.28512704048551468";"0";"0";"0";"24.79128089714489";"0";"2.6067301123007915";"0.2766248301996278";"2.505268554855451";"1.1571339796304794";"1.089965577704868";"1.0404992739196357"
"Globale A2–M2–R2 2";"Non soddisfatta";"1.0616243331895374";"1.1000000000000001";"1.0361480663269718";"0.071615565784932667";"4.4645899521325223";"5.1833399521325223";"53";"0.65345052083333321";"0.71775390625000002";"-0.68225699097251091";"6.8028790963186685";"Terreno granulare";"0.78964651923043017";"1.9966265871067279";"0.68594660868394186";"0.3486608550653062";"0";"0";"0";"24.79128089714489";"0";"2.7862731063371582";"0.33022994421065238";"2.6675786510688031";"1.2321018018232579";"1.1605817267974059";"1.0444952036262543"
"Globale A2–M2–R2 2";"Non soddisfatta";"1.0616243331895374";"1.1000000000000001";"1.0361480663269718";"0.071615565784932667";"4.4645899521325223";"5.1833399521325223";"54";"0.71775390625000002";"0.78205729166666638";"-0.67417796345490988";"7.5192708034540603";"Terreno granulare";"0.78029517482410793";"2.184577740563276";"0.75022753966671962";"0.41223652945337352";"0";"0";"0";"24.79128089714489";"0";"2.9648729153873838";"0.38816637149024102";"2.8281760618391525";"1.3062785684947924";"1.2304527389365854";"1.0483339263749152"
"Globale A2–M2–R2 2";"Non soddisfatta";"1.0616243331895374";"1.1000000000000001";"1.0361480663269718";"0.071615565784932667";"4.4645899521325223";"5.1833399521325223";"55";"0.78205729166666638";"0.84636067708333362";"-0.6652802288798485";"8.2368468637420253";"Terreno granulare";"0.76999618881151943";"2.3725288940198705";"0.81451110526763137";"0.47589851393059845";"0";"0";"0";"24.79128089714489";"0";"3.1425250828313898";"0.45039837022216789";"2.9871494044635303";"1.3797052102213194";"1.2996171687927893";"1.0520146994106456"
"Globale A2–M2–R2 2";"Non soddisfatta";"1.0616243331895374";"1.1000000000000001";"1.0361480663269718";"0.071615565784932667";"4.4645899521325223";"5.1833399521325223";"56";"0.84636067708333362";"0.91066406249999998";"-0.6555595190310779";"8.9557263166322318";"Terreno granulare";"0.75874462039285318";"2.5604800474764002";"0.87879686511242372";"0.53968163420654547";"0";"0";"0";"24.79128089714489";"0";"3.3192246678692534";"0.5168899020540384";"3.1445848070649411";"1.4524215078788409";"1.3681124880730597";"1.0555366992844171"
"Globale A2–M2–R2 2";"Non soddisfatta";"1.0616243331895374";"1.1000000000000001";"1.0361480663269718";"0.071615565784932667";"4.4645899521325223";"5.1833399521325223";"57";"0.91066406249999998";"0.97496744791666634";"-0.64501113692734791";"9.6760301102443496";"Terreno granulare";"0.74653503243212138";"2.748431200932961";"0.94308447162492171";"0.60361366431040009";"0";"0";"0";"24.79128089714489";"0";"3.4949662333650826";"0.58760460001958703";"3.3005661237979602";"1.5244661920423295";"1.435975179150456";"1.0588990198273702"
"Globale A2–M2–R2 2";"Non soddisfatta";"1.0616243331895374";"1.1000000000000001";"1.0361480663269718";"0.071615565784932667";"4.4645899521325223";"5.1833399521325223";"58";"0.97496744791666634";"1.0392708333333331";"-0.63362994512913229";"10.397881299512488";"Terreno granulare";"0.73336147791917283";"2.9363823543895431";"1.0073736467982433";"0.66771712769132341";"0";"0";"0";"24.79128089714489";"0";"3.6697438323087157";"0.66250573530660051";"3.4551751414222509";"1.5958770383979519";"1.5032408249378657";"1.0621006698948818"
"Globale A2–M2–R2 2";"Non soddisfatta";"1.0616243331895374";"1.1000000000000001";"1.0361480663269718";"0.071615565784932667";"4.4645899521325223";"5.1833399521325223";"59";"1.0392708333333331";"1.1035742187499999";"-0.62141035278246726";"11.121405253264843";"Terreno granulare";"0.71921748496967919";"3.1243335078461065";"1.0716641656100143";"0.73201058420509568";"0";"0";"0";"24.79128089714489";"0";"3.8435509928157856";"0.74155618273509993";"3.6084917784018655";"1.6666909597030948";"1.569944195510006";"1.0651405708669852"
"Globale A2–M2–R2 2";"Non soddisfatta";"1.0616243331895374";"1.1000000000000001";"1.0361480663269718";"0.071615565784932667";"4.4645899521325223";"5.1833399521325223";"60";"1.1035742187499999";"1.1678776041666667";"-0.60834630132109435";"11.846729871272771";"Terreno granulare";"0.7040960402716725";"3.31228466130267";"1.1359558439653283";"0.79650956687188046";"0";"0";"0";"24.79128089714489";"0";"4.0163807015743425";"0.82471838479999326";"3.7605942776369465";"1.7369440948053261";"1.6361193319550826";"1.0680175538899466"
"Globale A2–M2–R2 2";"Non soddisfatta";"1.0616243331895374";"1.1000000000000001";"1.0361480663269718";"0.071615565784932667";"4.4645899521325223";"5.1833399521325223";"61";"1.1678776041666667";"1.2321809895833331";"-0.59443124873831099";"12.573985812390495";"Terreno granulare";"0.68798957087601442";"3.5002358147592085";"1.200248529788033";"0.86122727523739162";"0";"0";"0";"24.79128089714489";"0";"4.1882253856352225";"0.91195431412090699";"3.9115593938966353";"1.8066718952139453";"1.7017996279211043";"1.070730356841898"
"Globale A2–M2–R2 2";"Non soddisfatta";"1.0616243331895374";"1.1000000000000001";"1.0361480663269718";"0.071615565784932667";"4.4645899521325223";"5.1833399521325223";"62";"1.2321809895833331";"1.2964843749999999";"-0.57965815232913709";"13.303306735005574";"Terreno granulare";"0.67088992421578542";"3.6881869682157955";"1.2645420963411609";"0.92617509653383434";"0";"0";"0";"24.79128089714489";"0";"4.359076892431581";"1.003225434128979";"4.0614625769952122";"1.8759092097054211";"1.767017909310209";"1.0732776210033561"
"Globale A2–M2–R2 2";"Non soddisfatta";"1.0616243331895374";"1.1000000000000001";"1.0361480663269718";"0.071615565784932667";"4.4645899521325223";"5.1833399521325223";"63";"1.2964843749999999";"1.3607877604166667";"-0.56401944979137575";"14.034829551132672";"Terreno granulare";"0.65278834622544946";"3.8761381216723585";"1.3288364371517509";"0.99136300304322222";"0";"0";"0";"24.79128089714489";"0";"4.5289264678978078";"1.0984926578053535";"4.2103781517355205";"1.9446903674356972";"1.8318065125665326";"1.07565788741113"
"Globale A2–M2–R2 2";"Non soddisfatta";"1.0616243331895374";"1.1000000000000001";"1.0361480663269718";"0.071615565784932667";"4.4645899521325223";"5.1833399521325223";"64";"1.3607877604166667";"1.4250911458333331";"-0.54750703856086513";"14.768694695610465";"Terreno granulare";"0.63367545741552234";"4.064089275128894";"1.3931314621076898";"1.0567998591704426";"0";"0";"0";"24.79128089714489";"0";"4.6977647325444165";"1.1977163042697432";"4.3583794956392428";"2.0130492600302898";"1.8961973620012056";"1.0778695928715578"
"Globale A2–M2–R2 2";"Non soddisfatta";"1.0616243331895374";"1.1000000000000001";"1.0361480663269718";"0.071615565784932667";"4.4645899521325223";"5.1833399521325223";"65";"1.4250911458333331";"1.4893945312499999";"-0.53011225324127942";"15.505046412006298";"Terreno granulare";"0.61354122674092015";"4.2520404285854845";"1.4574270944224397";"1.1224936618090562";"0";"0";"0";"24.79128089714489";"0";"4.8655816553264044";"1.3008560529981044";"4.5055392154866487";"2.0810194231245056";"1.960222046599388";"1.0799110656061324"
"Globale A2–M2–R2 2";"Non soddisfatta";"1.0616243331895374";"1.1000000000000001";"1.0361480663269718";"0.071615565784932667";"4.4645899521325223";"5.1833399521325223";"66";"1.4893945312499999";"1.5536979166666662";"-0.5118258409721923";"16.24403305699725";"Terreno granulare";"0.59237494308198324";"4.4399915820420164";"1.5217232682504644";"1.1884517308526008";"0";"0";"0";"24.79128089714489";"0";"5.032366525124";"1.4078708954271268";"4.6519293237051293";"2.148634117833816";"2.0239118967615157";"1.0817805204993662"
"Globale A2–M2–R2 2";"Non soddisfatta";"1.0616243331895374";"1.1000000000000001";"1.0361480663269718";"0.071615565784932667";"4.4645899521325223";"5.1833399521325223";"67";"1.5536979166666662";"1.6180013020833335";"-0.49263793456040794";"16.985807425182855";"Terreno granulare";"0.57016518413565243";"4.6279427354986424";"1.5860199267961386";"1.2546808620661154";"0";"0";"0";"24.79128089714489";"0";"5.1981079196342952";"1.5187190836793103";"4.7976214156750183";"2.2159264126479084";"2.0872980614436307";"1.0834760539151314"
"Globale A2–M2–R2 2";"Non soddisfatta";"1.0616243331895374";"1.1000000000000001";"1.0361480663269718";"0.071615565784932667";"4.4645899521325223";"5.1833399521325223";"68";"1.6180013020833335";"1.6823046874999998";"-0.47253802317842641";"17.730527096496957";"Terreno granulare";"0.5468997824894144";"4.8158938889551406";"1.6503170208008697";"1.3211874512888728";"0";"0";"0";"24.79128089714489";"0";"5.362793671444555";"1.6333580761139554";"4.9426868490588962";"2.2829292662593414";"2.1504115861780631";"1.0849956380436379"
"Globale A2–M2–R2 2";"Non soddisfatta";"1.0616243331895374";"1.1000000000000001";"1.0361480663269718";"0.071615565784932667";"4.4645899521325223";"5.1833399521325223";"69";"1.6823046874999998";"1.7466080729166671";"-0.45151492041015295";"18.478354808627611";"Terreno granulare";"0.52256578862366254";"5.0038450424117729";"1.7146145073229309";"1.3879775966401826";"0";"0";"0";"24.79128089714489";"0";"5.5264108310354354";"1.7517444793795001";"5.0871969263199386";"2.3496756118651625";"2.2132834924815747";"1.0863371147366263"
"Globale A2–M2–R2 2";"Non soddisfatta";"1.0616243331895374";"1.1000000000000001";"1.0361480663269718";"0.071615565784932667";"4.4645899521325223";"5.1833399521325223";"70";"1.7466080729166671";"1.8109114583333334";"-0.42955672939691425";"19.22945885712971";"Terreno granulare";"0.49714943055608785";"5.1917961958682657";"1.7789123487458947";"1.455057183750381";"0";"0";"0";"24.79128089714489";"0";"5.6889456264243536";"1.8738339866051312";"5.2312230816586842";"2.4161984435093";"2.2759448591858185";"1.0874981887831359"
"Globale A2–M2–R2 2";"Non soddisfatta";"1.0616243331895374";"1.1000000000000001";"1.0361480663269718";"0.071615565784932667";"4.4645899521325223";"5.1833399521325223";"71";"1.8109114583333334";"1.8752148437499998";"-0.40665080480623406";"19.984013526229713";"Terreno granulare";"0.47063606980707806";"5.3797473493248269";"1.8432105119670832";"1.5224319578422525";"0";"0";"0";"24.79128089714489";"0";"5.8503834191319051";"1.9995813113314673";"5.3748370736923201";"2.4825309050773132";"2.3384269062661867";"1.0884764205722988"
"Globale A2–M2–R2 2";"Non soddisfatta";"1.0616243331895374";"1.1000000000000001";"1.0361480663269718";"0.071615565784932667";"4.4645899521325223";"5.1833399521325223";"72";"1.8752148437499998";"1.9000000000000001";"-0.39022071750102505";"20.508826888621115";"Terreno granulare";"0.17408758493121712";"2.1237582726912341";"1.8876288026973347";"1.5691400073540815";"0";"0";"0";"24.79128089714489";"0";"2.297845857622451";"0.80506363317148155";"2.1099631248692954";"0.97455022249877732";"0.91798029870966202";"1.0890455053638883"
"Globale A2–M2–R2 2";"Non soddisfatta";"1.0616243331895374";"1.1000000000000001";"1.0361480663269718";"0.071615565784932667";"4.4645899521325223";"5.1833399521325223";"73";"1.9000000000000001";"1.9395182291666662";"-0.37807238199816062";"20.888750513227905";"Terreno granulare";"0.26892256839258066";"3.4084472656249449";"1.9197495073049791";"1.5850270781948035";"0";"0";"0";"24.79128089714489";"0";"3.6773698340175258";"1.3111762046349316";"3.375590473266207";"1.5591184547313446";"1.4686159745859808";"1.0894004658270404"
"Globale A2–M2–R2 2";"Non soddisfatta";"1.0616243331895374";"1.1000000000000001";"1.0361480663269718";"0.071615565784932667";"4.4645899521325223";"5.1833399521325223";"74";"1.9395182291666662";"2.0038216145833325";"-0.35794117822592675";"21.504204633452041";"Terreno granulare";"0.41425516095514625";"5.546166992187473";"1.9716435577459475";"1.5926684248629885";"0";"0";"0";"24.79128089714489";"0";"5.9604221531426189";"2.1848786765792227";"5.4689102529976221";"2.5259814453936649";"2.3793552638385957";"1.0898738281315896"
"Globale A2–M2–R2 2";"Non soddisfatta";"1.0616243331895374";"1.1000000000000001";"1.0361480663269718";"0.071615565784932667";"4.4645899521325223";"5.1833399521325223";"75";"2.0038216145833325";"2.0681250000000007";"-0.33210804990551956";"22.270223960468371";"Terreno granulare";"0.38435354801641575";"5.5461669921876258";"2.0359457659558418";"1.6024376204202755";"0";"0";"0";"24.79128089714489";"0";"5.9305205402040411";"2.2474892072367108";"5.4394106896499785";"2.5123561807218744";"2.3665209077996239";"1.0902873268033499"
"Globale A2–M2–R2 2";"Non soddisfatta";"1.0616243331895374";"1.1000000000000001";"1.0361480663269718";"0.071615565784932667";"4.4645899521325223";"5.1833399521325223";"76";"2.0681250000000007";"2.132428385416667";"-0.30526823144935999";"23.040460822249393";"Terreno granulare";"0.35328668242184469";"5.546166992187473";"2.1002479391227373";"1.6125537119952047";"0";"0";"0";"24.79128089714489";"0";"5.899453674609318";"2.308901754436413";"5.4098284467486017";"2.4986927280000004";"2.3536505804204242";"1.0905066089766653"
"Globale A2–M2–R2 2";"Non soddisfatta";"1.0616243331895374";"1.1000000000000001";"1.0361480663269718";"0.071615565784932667";"4.4645899521325223";"5.1833399521325223";"77";"2.132428385416667";"2.1967317708333334";"-0.27740462920751519";"23.81512724282258";"Terreno granulare";"0.32103477579347983";"5.546166992187473";"2.1645500747771194";"1.6230186535342135";"0";"0";"0";"24.79128089714489";"0";"5.8672017679809532";"2.3690649590473458";"5.3801458930878825";"2.4849829437229989";"2.3407366109037193";"1.0905283768454705"
"Globale A2–M2–R2 2";"Non soddisfatta";"1.0616243331895374";"1.1000000000000001";"1.0361480663269718";"0.071615565784932667";"4.4645899521325223";"5.1833399521325223";"78";"2.1967317708333334";"2.2610351562499997";"-0.24849908550313682";"24.594444685102307";"Terreno granulare";"0.28757680787328488";"5.546166992187473";"2.2288521702540973";"1.633834408464564";"0";"0";"0";"24.79128089714489";"0";"5.8337438000607582";"2.4279259671958244";"5.3503448151240169";"2.4712184154153358";"2.3277710750947302";"1.0903491273254575"
"Globale A2–M2–R2 2";"Non soddisfatta";"1.0616243331895374";"1.1000000000000001";"1.0361480663269718";"0.071615565784932667";"4.4645899521325223";"5.1833399521325223";"79";"2.2610351562499997";"2.3253385416666661";"-0.21853230691138048";"25.378644818734514";"Terreno granulare";"0.25289044347246181";"5.546166992187473";"2.2931542226719834";"1.6450029374234287";"0";"0";"0";"24.79128089714489";"0";"5.7990574356599351";"2.4854303182500312";"5.3204063435872788";"2.4573904277346461";"2.3147457635524216";"1.08996513821723"
"Globale A2–M2–R2 2";"Non soddisfatta";"1.0616243331895374";"1.1000000000000001";"1.0361480663269718";"0.071615565784932667";"4.4645899521325223";"5.1833399521325223";"80";"2.3253385416666661";"2.3896419270833333";"-0.18748378533891064";"26.167970361409211";"Terreno granulare";"0.2169519410823717";"5.5461669921875494";"2.3574562289080938";"1.6565261837637535";"0";"0";"0";"24.79128089714489";"0";"5.7631189332699213";"2.541521822944202";"5.2903108734777922";"2.4434899255193661";"2.301652146742116";"1.0893724529805013"
"Globale A2–M2–R2 2";"Non soddisfatta";"1.0616243331895374";"1.1000000000000001";"1.0361480663269718";"0.071615565784932667";"4.4645899521325223";"5.1833399521325223";"81";"2.3896419270833333";"2.4500000000000002";"-0.15633468145752527";"26.938213984448296";"Terreno granulare";"0.16980417563517425";"5.2058837890625149";"2.4197897834424693";"1.6680353052224057";"0";"0";"0";"24.79128089714489";"0";"5.3756879646976889";"2.4353123656652453";"4.9381900732030282";"2.2808522944586449";"2.1484551768006925";"1.0885947857432083"
"Globale A2–M2–R2 2";"Non soddisfatta";"1.0616243331895374";"1.1000000000000001";"1.0361480663269718";"0.071615565784932667";"4.4645899521325223";"5.1833399521325223";"82";"2.4500000000000002";"2.4539453124999997";"-0.13985498523461448";"27.337579847003681";"Terreno granulare";"0.22297875150945901";"0.044384765624994604";"2.451972478135942";"1.5885991492913969";"0.051289062499993765";"0";"0";"24.79128089714489";"0";"0.31865257963444737";"0.14633554555775885";"0.29284849378160976";"0.13526092537327106";"0.12740940570464696";"1.0881141149801539"
"Globale A2–M2–R2 2";"Non soddisfatta";"1.0616243331895374";"1.1000000000000001";"1.0361480663269718";"0.071615565784932667";"4.4645899521325223";"5.1833399521325223";"83";"2.4539453124999997";"2.5182486979166669";"-0.1220528765661637";"27.763029421628506";"Terreno granulare";"3.6135987223294728";"0.72341308593750653";"2.4860485947388553";"1.5967779092511218";"0.83594401041667421";"0";"0";"24.79128089714489";"0";"5.1729558186836533";"2.4096038403293725";"4.7565489982407483";"2.1969558756383525";"2.0694287112257799";"1.0875438938181687"
"Globale A2–M2–R2 2";"Non soddisfatta";"1.0616243331895374";"1.1000000000000001";"1.0361480663269718";"0.071615565784932667";"4.4645899521325223";"5.1833399521325223";"84";"2.5182486979166669";"2.5825520833333333";"-0.087622570533326893";"28.56931240800607";"Terreno granulare";"3.5737457184956476";"0.72341308593749631";"2.5503498505251119";"1.612557799261505";"0.83594401041666266";"0";"0";"24.79128089714489";"0";"5.1331028148498064";"2.4547184441806835";"4.7253140042557602";"2.1825290498900571";"2.0558393224963871";"1.0862987751135225"
"Globale A2–M2–R2 2";"Non soddisfatta";"1.0616243331895374";"1.1000000000000001";"1.0361480663269718";"0.071615565784932667";"4.4645899521325223";"5.1833399521325223";"85";"2.5825520833333333";"2.6468554687499997";"-0.052014459837423921";"29.381822104964286";"Terreno granulare";"3.5325293673021352";"0.72341308593749631";"2.6146510099300304";"1.6288492022037961";"0.83594401041666266";"0";"0";"24.79128089714489";"0";"5.0918864636562944";"2.4981753046755415";"4.6937337942382129";"2.1679427756863006";"2.0420997408498982";"1.0848264275035864"
"Globale A2–M2–R2 2";"Non soddisfatta";"1.0616243331895374";"1.1000000000000001";"1.0361480663269718";"0.071615565784932667";"4.4645899521325223";"5.1833399521325223";"86";"2.6468554687499997";"2.7000000000000002";"-0.018443228510894194";"30.129538261924424";"Terreno granulare";"2.8874139390717182";"0.59787597656250568";"2.6733902424103908";"1.6441792154497272";"0.6908789062500067";"0";"0";"24.79128089714489";"0";"4.1761688218842306";"2.0962306715052343";"3.8551193722967061";"1.7806033658829155";"1.6772443040498912";"1.0832787311061285"
"Globale A2–M2–R2 2";"Non soddisfatta";"1.0616243331895374";"1.1000000000000001";"1.0361480663269718";"0.071615565784932667";"4.4645899521325223";"5.1833399521325223";"87";"2.7000000000000002";"2.7111588541666669";"0.00037138257892177506";"30.541317972299268";"Terreno granulare";"0.69288993337250271";"0";"2.7055776522791253";"1.7251859511025931";"0.14506510416666751";"0";"0";"24.79128089714489";"0";"0.83795503753917022";"0.42581464401521463";"0.77420141310317792";"0.35758831540968672";"0.33683131050260562";"1.0823475950275692"
"Globale A2–M2–R2 2";"Non soddisfatta";"1.0616243331895374";"1.1000000000000001";"1.0361480663269718";"0.071615565784932667";"4.4645899521325223";"5.1833399521325223";"88";"2.7111588541666669";"2.7754622395833333";"0.022849416329995265";"31.02679538371455";"Terreno granulare";"3.9667317865764948";"0";"2.7432500681087921";"1.7364329302120249";"0.83594401041666266";"0";"0";"24.79128089714489";"0";"4.8026757969931575";"2.4754395887744347";"4.442076857129873";"2.0517074153799513";"1.9326115191951323";"1.0811780055728877"
"Globale A2–M2–R2 2";"Non soddisfatta";"1.0616243331895374";"1.1000000000000001";"1.0361480663269718";"0.071615565784932667";"4.4645899521325223";"5.1833399521325223";"89";"2.7754622395833333";"2.8397656249999996";"0.062167210295289266";"31.859943202802391";"Terreno granulare";"3.921221323013679";"0";"2.8075507194750853";"1.75609108744162";"0.83594401041666266";"0";"0";"24.79128089714489";"0";"4.7571653334303416";"2.5109965447411673";"4.4089060052307554";"2.0363864551613875";"1.9181798980090075";"1.0789899643554226"
"Globale A2–M2–R2 2";"Non soddisfatta";"1.0616243331895374";"1.1000000000000001";"1.0361480663269718";"0.071615565784932667";"4.4645899521325223";"5.1833399521325223";"90";"2.8397656249999996";"2.904069010416666";"0.10278721042721717";"32.700689824512402";"Terreno granulare";"3.8742034887609291";"0";"2.8718512241469827";"1.7764002787828359";"0.83594401041666266";"0";"0";"24.79128089714489";"0";"4.7101474991775918";"2.5446099147774839";"4.3752212743403636";"2.0208281444036693";"1.9035247038208949";"1.0765506939732377"
"Globale A2–M2–R2 2";"Non soddisfatta";"1.0616243331895374";"1.1000000000000001";"1.0361480663269718";"0.071615565784932667";"4.4645899521325223";"5.1833399521325223";"91";"2.904069010416666";"2.9683723958333332";"0.14474615096354082";"33.549433251652552";"Terreno granulare";"3.825635754306564";"0";"2.9361515683951858";"1.7973788633057859";"0.83594401041667421";"0";"0";"24.79128089714489";"0";"4.6615797647232382";"2.5762000912864385";"4.3409845652149173";"2.0050148858198744";"1.8886293608173246";"1.0738531074441746"
"Globale A2–M2–R2 2";"Non soddisfatta";"1.0616243331895374";"1.1000000000000001";"1.0361480663269718";"0.071615565784932667";"4.4645899521325223";"5.1833399521325223";"92";"2.9683723958333332";"3.0326757812500005";"0.18808344276110045";"34.406597918827131";"Terreno granulare";"3.7754724906314023";"0";"3.0004517368062138";"1.8190465371991102";"0.83594401041667421";"0";"0";"24.79128089714489";"0";"4.6114165010480761";"2.6056836045178207";"4.306154896855392";"1.9889277510973484";"1.8734760394214274";"1.0708896013972011"
"Globale A2–M2–R2 2";"Non soddisfatta";"1.0616243331895374";"1.1000000000000001";"1.0361480663269718";"0.071615565784932667";"4.4645899521325223";"5.1833399521325223";"93";"3.0326757812500005";"3.0969791666666668";"0.23284143265004609";"35.272637414263443";"Terreno granulare";"3.7236646687867498";"0";"3.0647517120148349";"1.8414244632309729";"0.83594401041666266";"0";"0";"24.79128089714489";"0";"4.5596086792034125";"2.6329727567869305";"4.2706880644857144";"1.9725463229245994";"1.8580455074897293";"1.0676520060362897"
"Globale A2–M2–R2 2";"Non soddisfatta";"1.0616243331895374";"1.1000000000000001";"1.0361480663269718";"0.071615565784932667";"4.4645899521325223";"5.1833399521325223";"94";"3.0969791666666668";"3.1612825520833332";"0.27906569717520302";"36.148037563521228";"Terreno granulare";"3.6701595196249928";"0";"3.1290514743842142";"1.8645354173564372";"0.83594401041666266";"0";"0";"24.79128089714489";"0";"4.5061035300416554";"2.6579752108203341";"4.2345362480895057";"1.9558485141821633";"1.8423169599984812";"1.06413152847013"
"Globale A2–M2–R2 2";"Non soddisfatta";"1.0616243331895374";"1.1000000000000001";"1.0361480663269718";"0.071615565784932667";"4.4645899521325223";"5.1833399521325223";"95";"3.1612825520833332";"3.2255859374999996";"0.3268053764473855";"37.033319936001504";"Terreno granulare";"3.6149001470482309";"0";"3.1933510016214974";"1.8884039553204675";"0.83594401041666266";"0";"0";"24.79128089714489";"0";"4.4508441574648936";"2.6805935247711048";"4.1976475625321621";"1.9388103601528961";"1.8262678233155665";"1.0603186883035971"
"Globale A2–M2–R2 2";"Non soddisfatta";"1.0616243331895374";"1.1000000000000001";"1.0361480663269718";"0.071615565784932667";"4.4645899521325223";"5.1833399521325223";"96";"3.2255859374999996";"3.2898893229166659";"0.37611355499292909";"37.929045847644382";"Terreno granulare";"3.5578250867892076";"0";"3.2576502683131512";"1.9130566026848699";"0.83594401041666266";"0";"0";"24.79128089714489";"0";"4.3937690972058707";"2.7007246249568571";"4.159965538348362";"1.9214057787079946";"1.8098735293070527";"1.0562032441620504"
"Globale A2–M2–R2 2";"Non soddisfatta";"1.0616243331895374";"1.1000000000000001";"1.0361480663269718";"0.071615565784932667";"4.4645899521325223";"5.1833399521325223";"97";"3.2898893229166659";"3.354192708333334";"0.42704769793812503";"38.8358209487224";"Terreno granulare";"3.4988678010570555";"0";"3.3219492453598884";"1.9385220724268053";"0.83594401041668576";"0";"0";"24.79128089714489";"0";"4.3348118114737417";"2.7182592055261843";"4.1214285198265284";"1.9036062922941177";"1.7931072534621875";"1.0517741095401054"
"Globale A2–M2–R2 2";"Non soddisfatta";"1.0616243331895374";"1.1000000000000001";"1.0361480663269718";"0.071615565784932667";"4.4645899521325223";"5.1833399521325223";"98";"3.354192708333334";"3.4184960937500004";"0.47967015267724245";"39.754300505064464";"Terreno granulare";"3.4379560972782168";"0";"3.3862478992850025";"1.9648315151558209";"0.83594401041666266";"0";"0";"24.79128089714489";"0";"4.2739001076948799";"2.7330810419548115";"4.0819689639268475";"1.8853807041174904";"1.7759396098741111";"1.0470192560169285"
"Globale A2–M2–R2 2";"Non soddisfatta";"1.0616243331895374";"1.1000000000000001";"1.0361480663269718";"0.071615565784932667";"4.4645899521325223";"5.1833399521325223";"99";"3.4184960937500004";"3.4827994791666668";"0.53404872845553841";"40.685195505544556";"Terreno granulare";"3.3750114565161873";"0";"3.4505461913818976";"1.9920188081285826";"0.83594401041666266";"0";"0";"24.79128089714489";"0";"4.2109554669328499";"2.745066202379046";"4.0415126196286941";"1.8666947191007168";"1.7583382941990704";"1.0419256014397211"
"Globale A2–M2–R2 2";"Non soddisfatta";"1.0616243331895374";"1.1000000000000001";"1.0361480663269718";"0.071615565784932667";"4.4645899521325223";"5.1833399521325223";"100";"3.4827994791666668";"3.5471028645833331";"0.59025736919574934";"41.629279759789917";"Terreno granulare";"3.3099482537858105";"0";"3.5148440766556064";"2.0201208906763499";"0.83594401041666266";"0";"0";"24.79128089714489";"0";"4.1458922642024731";"2.7540821371043163";"3.9999775622344953";"1.8475104978468391";"1.7402676635116212";"1.0364788801181339"
"Globale A2–M2–R2 2";"Non soddisfatta";"1.0616243331895374";"1.1000000000000001";"1.0361480663269718";"0.071615565784932667";"4.4645899521325223";"5.1833399521325223";"101";"3.5471028645833331";"3.6114062500000004";"0.64837693860264345";"42.587398189911681";"Terreno granulare";"3.2426728481822398";"0";"3.5791415024980235";"2.0491781554955413";"0.83594401041667421";"0";"0";"24.79128089714489";"0";"4.078616858598914";"2.7599866219545994";"3.9572730506128075";"1.8277861288225248";"1.7216882391261095";"1.0306634913573416"
"Globale A2–M2–R2 2";"Non soddisfatta";"1.0616243331895374";"1.1000000000000001";"1.0361480663269718";"0.071615565784932667";"4.4645899521325223";"5.1833399521325223";"102";"3.6114062500000004";"3.6757096354166667";"0.70849614136155292";"43.560476571515558";"Terreno granulare";"3.1730825151871147";"0";"3.6434384070156507";"2.0792349076172232";"0.83594401041666266";"0";"0";"24.79128089714489";"0";"4.0090265256037778";"2.7626265251049884";"3.9132981668021616";"1.8074750000179973";"1.7025561147299919";"1.0244623217350808"
"Globale A2–M2–R2 2";"Non soddisfatta";"1.0616243331895374";"1.1000000000000001";"1.0361480663269718";"0.071615565784932667";"4.4645899521325223";"5.1833399521325223";"103";"3.6757096354166667";"3.7400130208333331";"0.77071261047144857";"44.549533046300517";"Terreno granulare";"3.101064186289066";"0";"3.7077347168991319";"2.1103399059474861";"0.83594401041666266";"0";"0";"24.79128089714489";"0";"3.9370081967057287";"2.7618363592265478";"3.8679401861291969";"1.7865250461368503";"1.6828222472721832";"1.0178565353270499"
"Globale A2–M2–R2 2";"Non soddisfatta";"1.0616243331895374";"1.1000000000000001";"1.0361480663269718";"0.071615565784932667";"4.4645899521325223";"5.1833399521325223";"104";"3.7400130208333331";"3.8043164062500003";"0.83513419893617202";"45.555691816777347";"Terreno granulare";"3.0264929515460084";"0";"3.772030344681804";"2.1425470063094818";"0.83594401041667421";"0";"0";"24.79128089714489";"0";"3.8624369619626826";"2.7574365705200439";"3.8210726109864481";"1.7648778404369057";"1.6624316015200196";"1.0108253245063448"
"Globale A2–M2–R2 2";"Non soddisfatta";"1.0616243331895374";"1.1000000000000001";"1.0361480663269718";"0.071615565784932667";"4.4645899521325223";"5.1833399521325223";"105";"3.8043164062500003";"3.8686197916666667";"0.90188052490848802";"46.580199550952386";"Terreno granulare";"2.9492302680867728";"0";"3.8363251851735676";"2.1759159302754099";"0.83594401041666266";"0";"0";"24.79128089714489";"0";"3.7851742785034355";"2.749231502634494";"3.7725527812314956";"1.7424674910208602";"1.6413221104171585";"1.0033456118453086"
"Globale A2–M2–R2 2";"Non soddisfatta";"1.0616243331895374";"1.1000000000000001";"1.0361480663269718";"0.071615565784932667";"4.4645899521325223";"5.1833399521325223";"106";"3.8686197916666667";"3.9329231770833339";"0.97108483398830625";"47.624445182590136";"Terreno granulare";"2.869121800568919";"0";"3.9006191107668764";"2.2105131912627818";"0.83594401041667421";"0";"0";"24.79128089714489";"0";"3.7050658109855932";"2.737006955259333";"3.7222189466897739";"1.7192192886832529";"1.6194234014192586";"0.99539169083016055"
"Globale A2–M2–R2 2";"Non soddisfatta";"1.0616243331895374";"1.1000000000000001";"1.0361480663269718";"0.071615565784932667";"4.4645899521325223";"5.1833399521325223";"107";"3.9329231770833339";"3.9972265625000003";"1.0428962622449292";"48.689984007469583";"Terreno granulare";"2.7859947965035108";"0";"3.9649119651776763";"2.2464132191239727";"0.83594401041666266";"0";"0";"24.79128089714489";"0";"3.6219388069201734";"2.7205272324725507";"3.6698866493654143";"1.6950480359252287";"1.5966552225047792";"0.98693478926562161"
"Globale A2–M2–R2 2";"Non soddisfatta";"1.0616243331895374";"1.1000000000000001";"1.0361480663269718";"0.071615565784932667";"4.4645899521325223";"5.1833399521325223";"108";"3.9972265625000003";"4.0615299479166662";"1.1174826109226186";"49.778567272429783";"Terreno granulare";"2.6996548674973235";"0";"4.0292035549800103";"2.2836997378724031";"0.83594401041665689";"0";"0";"24.79128089714489";"0";"3.5355988779139804";"2.6995315419542636";"3.6153442100403632";"1.6698559623039668";"1.5729254785325635";"0.97794253396262576"
"Globale A2–M2–R2 2";"Non soddisfatta";"1.0616243331895374";"1.1000000000000001";"1.0361480663269718";"0.071615565784932667";"4.4645899521325223";"5.1833399521325223";"109";"4.0615299479166662";"4.1258333333333326";"1.195033782100603";"50.892178868956478";"Terreno granulare";"2.6098820028661058";"0";"4.0934936379754294";"2.3224674698974912";"0.83594401041666266";"0";"0";"24.79128089714489";"0";"3.4458260132827685";"2.6737295587553791";"3.5583470388587677";"1.6435300966041737";"1.5481277559514506";"0.96837828791087033"
"Globale A2–M2–R2 2";"Non soddisfatta";"1.0616243331895374";"1.1000000000000001";"1.0361480663269718";"0.071615565784932667";"4.4645899521325223";"5.1833399521325223";"110";"4.1258333333333326";"4.1901367187499989";"1.2757660790322425";"52.033081333393405";"Terreno granulare";"2.5164255786602343";"0";"4.1577819069327591";"2.3628242665170038";"0.83594401041666266";"0";"0";"24.79128089714489";"0";"3.352369589076897";"2.6427959000721648";"3.4986103812449234";"1.6159389163211006";"1.5221381667714642";"0.95820032063244809"
"Globale A2–M2–R2 2";"Non soddisfatta";"1.0616243331895374";"1.1000000000000001";"1.0361480663269718";"0.071615565784932667";"4.4645899521325223";"5.1833399521325223";"111";"4.1901367187499989";"4.2544401041666671";"1.3599276536590379";"53.20387421061087";"Terreno granulare";"2.4189980333478598";"0";"4.2220679664085701";"2.4048938028765665";"0.83594401041668576";"0";"0";"24.79128089714489";"0";"3.2549420437645455";"2.6063631604163282";"3.4357999515731588";"1.5869280215379729";"1.4948112735605978";"0.947360757215855"
"Globale A2–M2–R2 2";"Non soddisfatta";"1.0616243331895374";"1.1000000000000001";"1.0361480663269718";"0.071615565784932667";"4.4645899521325223";"5.1833399521325223";"112";"4.2544401041666671";"4.3187434895833334";"1.4478054999850141";"54.407569099919904";"Terreno granulare";"2.3172667458971072";"0";"4.2863512989727131";"2.4488190311872553";"0.83594401041666266";"0";"0";"24.79128089714489";"0";"3.1532107563137699";"2.5640130136980179";"3.3695196689806894";"1.5563144703405918";"1.4659747536728085";"0.93580422911365435"
"Globale A2–M2–R2 2";"Non soddisfatta";"1.0616243331895374";"1.1000000000000001";"1.0361480663269718";"0.071615565784932667";"4.4645899521325223";"5.1833399521325223";"113";"4.3187434895833334";"4.3830468749999998";"1.5397345671394191";"55.647687606045096";"Terreno granulare";"2.2108434475645953";"0";"4.3506312147607282";"2.4947666700920861";"0.83594401041666266";"0";"0";"24.79128089714489";"0";"3.0467874579812579";"2.5152646737973572";"3.2992953452222413";"1.5238792445601124";"1.4354223023334245";"0.92346611599757389"
"Globale A2–M2–R2 2";"Non soddisfatta";"1.0616243331895374";"1.1000000000000001";"1.0361480663269718";"0.071615565784932667";"4.4645899521325223";"5.1833399521325223";"114";"4.3830468749999998";"4.4473502604166661";"1.636109836456388";"56.928391361415414";"Terreno granulare";"2.0992701826127735";"0";"4.4149067739565195";"2.5429331362182346";"0.83594401041666266";"0";"0";"24.79128089714489";"0";"2.9352141930294362";"2.4595596738121044";"3.2245526022400557";"1.4893570503355236";"1.4029040252505409";"0.91027021577826961"
"Globale A2–M2–R2 2";"Non soddisfatta";"1.0616243331895374";"1.1000000000000001";"1.0361480663269718";"0.071615565784932667";"4.4645899521325223";"5.1833399521325223";"115";"4.4473502604166661";"4.5116536458333325";"1.7374026362931225";"58.254657962856015";"Terreno granulare";"1.9820003307936314";"0";"4.4791766637197856";"2.5935525251707996";"0.83594401041666266";"0";"0";"24.79128089714489";"0";"2.817944341210294";"2.3962413989620828";"3.1445863732360362";"1.4524222312622836";"1.3681131694661099";"0.89612559705599659"
"Globale A2–M2–R2 2";"Non soddisfatta";"1.0616243331895374";"1.1000000000000001";"1.0361480663269718";"0.071615565784932667";"4.4645899521325223";"5.1833399521325223";"116";"4.5116536458333325";"4.5759570312500006";"1.8441831715308434";"59.632524332301543";"Terreno granulare";"1.8583723803743568";"0";"4.5434389951781773";"2.6469075734347127";"0.83594401041668576";"0";"0";"24.79128089714489";"0";"2.6943163907910428";"2.3245269490998735";"3.0585178009104004";"1.4126688605415054";"1.3306673711003703";"0.88092225259864465"
"Globale A2–M2–R2 2";"Non soddisfatta";"1.0616243331895374";"1.1000000000000001";"1.0361480663269718";"0.071615565784932667";"4.4645899521325223";"5.1833399521325223";"117";"4.5759570312500006";"4.640260416666667";"1.9571524384107759";"61.06943203732552";"Terreno granulare";"1.7275727389422373";"0";"4.6076909530710708";"2.7033450705853124";"0.83594401041666266";"0";"0";"24.79128089714489";"0";"2.5635167493589002";"2.2434674499690805";"2.9652316831877421";"1.3695818483984399";"1.2900814399041485";"0.86452494214651643"
"Globale A2–M2–R2 2";"Non soddisfatta";"1.0616243331895374";"1.1000000000000001";"1.0361480663269718";"0.071615565784932667";"4.4645899521325223";"5.1833399521325223";"118";"4.640260416666667";"4.7045638020833334";"2.0771888078203933";"62.574732181277703";"Terreno granulare";"1.5885813828919217";"0";"4.6719281572380904";"2.7632981117751254";"0.83594401041666266";"0";"0";"24.79128089714489";"0";"2.4245253933085844";"2.1518903554524962";"2.8632828101950656";"1.3224936809857193";"1.2457266093481747";"0.84676420529462471"
"Globale A2–M2–R2 2";"Non soddisfatta";"1.0616243331895374";"1.1000000000000001";"1.0361480663269718";"0.071615565784932667";"4.4645899521325223";"5.1833399521325223";"119";"4.7045638020833334";"4.7688671874999997";"2.2054184863613782";"64.160450399364819";"Terreno granulare";"1.4400895107838128";"0";"4.7361434183063302";"2.8273192042417743";"0.83594401041666266";"0";"0";"24.79128089714489";"0";"2.2760335212004756";"2.048312492499226";"2.7507504143634436";"1.2705171937649671";"1.1967672123224919";"0.82742276773488266"
"Globale A2–M2–R2 2";"Non soddisfatta";"1.0616243331895374";"1.1000000000000001";"1.0361480663269718";"0.071615565784932667";"4.4645899521325223";"5.1833399521325223";"120";"4.7688671874999997";"4.8331705729166661";"2.3433268027580434";"65.842497183641129";"Terreno granulare";"1.2803691908779682";"0";"4.8003240985978026";"2.8961311701274148";"0.83594401041666266";"0";"0";"24.79128089714489";"0";"2.1163132012946306";"1.9308031470084908";"2.625001568191224";"1.2124362896147145";"1.142057742753577";"0.80621407123687594"
"Globale A2–M2–R2 2";"Non soddisfatta";"1.0616243331895374";"1.1000000000000001";"1.0361480663269718";"0.071615565784932667";"4.4645899521325223";"5.1833399521325223";"121";"4.8331705729166661";"4.8974739583333342";"2.4929436513773302";"67.642688243708662";"Terreno granulare";"1.1070554554284953";"0";"4.8644458588264499";"2.970708005911785";"0.83594401041668576";"0";"0";"24.79128089714489";"0";"1.942999465845181";"1.7967564181177396";"2.4822844608912118";"1.1465180813606131";"1.0799659027370081";"0.7827464968086647"
"Globale A2–M2–R2 2";"Non soddisfatta";"1.0616243331895374";"1.1000000000000001";"1.0361480663269718";"0.071615565784932667";"4.4645899521325223";"5.1833399521325223";"122";"4.8974739583333342";"4.9617773437500006";"2.6571743743206486";"69.592355751101366";"Terreno granulare";"0.91675566772787842";"0";"4.9284553986507804";"3.0524056090298508";"0.83594401041666266";"0";"0";"24.79128089714489";"0";"1.7526996781445412";"1.6424853387896658";"2.3169774600500483";"1.0701660482129527";"1.0080458922769344";"0.75645952900494839"
"Globale A2–M2–R2 2";"Non soddisfatta";"1.0616243331895374";"1.1000000000000001";"1.0361480663269718";"0.071615565784932667";"4.4645899521325223";"5.1833399521325223";"123";"4.9617773437500006";"5.0260807291666669";"2.8404461297447541";"71.739415447978786";"Terreno granulare";"0.70428075275696944";"0";"4.9922106773652812";"3.1431569522148934";"0.83594401041666266";"0";"0";"24.79128089714489";"0";"1.5402247631736321";"1.4624275008780965";"2.1200643730944324";"0.9792157892043245";"0.92237504227354583";"0.72649905480253407"
"Globale A2–M2–R2 2";"Non soddisfatta";"1.0616243331895374";"1.1000000000000001";"1.0361480663269718";"0.071615565784932667";"4.4645899521325223";"5.1833399521325223";"124";"5.0260807291666669";"5.0903841145833333";"3.0501411584564888";"74.164066075418702";"Terreno granulare";"0.46091832545297978";"0";"5.0551754021505566";"3.2454897129971969";"0.83594401041666266";"0";"0";"24.79128089714489";"0";"1.2968623358696425";"1.2473707314920728";"1.8755940393331891";"0.86629977879957942";"0.81601349151151603";"0.69144084949784912"
"Globale A2–M2–R2 2";"Non soddisfatta";"1.0616243331895374";"1.1000000000000001";"1.0361480663269718";"0.071615565784932667";"4.4645899521325223";"5.1833399521325223";"125";"5.0903841145833333";"5.1546874999999996";"3.3004517415618313";"77.021095248758584";"Terreno granulare";"0.16966246015224451";"0";"5.1122893037228714";"3.3543535516229537";"0.83594401041666266";"0";"0";"24.79128089714489";"0";"1.0056064705689072";"0.97958067135732074";"1.5505533044897335";"0.71616989419200905";"0.67459822820785653";"0.64854685592369166"
