"Caso";"Esito";"F";"gammaR";"eta";"xc";"yc";"R";"Concio";"x0";"x1";"ybase";"alpha";"terreno";"Wterra";"Wmuro";"xG";"yG";"Vext";"Hext";"u";"phi_d";"c_d";"V";"D";"N_eff";"R_resistente";"T_mobilitato";"m_alpha"
"Globale A2–M2–R2 1";"Soddisfatta nel dominio esplorato";"1.2357417505453263";"1.1000000000000001";"0.89015362596155378";"0.010392392991518395";"4.7161496084759236";"5.5895871084759232";"1";"-2.9898437500000004";"-2.9194726562500004";"-0.022200210364946571";"-32.036518902821491";"Terreno granulare";"0.028043795894674553";"0";"-2.9429940731331752";"-0.014719405378628004";"0";"0";"0";"24.79128089714489";"0";"0.028043795894674553";"-0.0148175823449468";"0.043181402161255017";"0.019944635329428858";"0.016139808597247278";"0.64944153017423678"
"Globale A2–M2–R2 1";"Soddisfatta nel dominio esplorato";"1.2357417505453263";"1.1000000000000001";"0.89015362596155378";"0.010392392991518395";"4.7161496084759236";"5.5895871084759232";"2";"-2.9194726562500004";"-2.8491015625000005";"-0.065514811139840035";"-31.189483775142229";"Terreno granulare";"0.082911588115059928";"0";"-2.8804703923588697";"-0.03388323324230564";"0";"0";"0";"24.79128089714489";"0";"0.082911588115059928";"-0.042880810318291995";"0.12526371245968282";"0.057856830486631795";"0.04681951585847114";"0.66189630250457188"
"Globale A2–M2–R2 1";"Soddisfatta nel dominio esplorato";"1.2357417505453263";"1.1000000000000001";"0.89015362596155378";"0.010392392991518395";"4.7161496084759236";"5.5895871084759232";"3";"-2.8491015625000005";"-2.7787304687500005";"-0.10741401775087844";"-30.349962940056685";"Terreno granulare";"0.13598639170562468";"0";"-2.8116652403824056";"-0.054337254021032261";"0";"0";"0";"24.79128089714489";"0";"0.13598639170562468";"-0.068656490595863054";"0.20173093667508538";"0.093175528474588695";"0.075400485929581026";"0.67409785502879482"
"Globale A2–M2–R2 1";"Soddisfatta nel dominio esplorato";"1.2357417505453263";"1.1000000000000001";"0.89015362596155378";"0.010392392991518395";"4.7161496084759236";"5.5895871084759232";"4";"-2.7787304687500005";"-2.7083593750000006";"-0.14793440694013604";"-29.517584243714317";"Terreno granulare";"0.18731454905815945";"0";"-2.7419648944046533";"-0.074386499660873545";"0";"0";"0";"24.79128089714489";"0";"0.18731454905815945";"-0.092235178400525253";"0.2730322910532656";"0.1261082133896505";"0.10205062128393705";"0.68605273147569368"
"Globale A2–M2–R2 1";"Soddisfatta nel dominio esplorato";"1.2357417505453263";"1.1000000000000001";"0.89015362596155378";"0.010392392991518395";"4.7161496084759236";"5.5895871084759232";"5";"-2.7083593750000006";"-2.6379882812500002";"-0.18711016234212252";"-28.691997062999718";"Terreno granulare";"0.23693937003231952";"0";"-2.6719663672527774";"-0.093858173461607367";"0";"0";"0";"24.79128089714489";"0";"0.23693937003231952";"-0.11370363901999375";"0.33956801328254571";"0.15683974710149134";"0.12691951779753236";"0.69776704743732276"
"Globale A2–M2–R2 1";"Soddisfatta nel dominio esplorato";"1.2357417505453263";"1.1000000000000001";"0.89015362596155378";"0.010392392991518395";"4.7161496084759236";"5.5895871084759232";"6";"-2.6379882812500002";"-2.5676171875000002";"-0.22497326689846986";"-27.872870431652654";"Terreno granulare";"0.28490137584105985";"0";"-2.6018323713123821";"-0.11271651977544016";"0";"0";"0";"24.79128089714489";"0";"0.28490137584105985";"-0.1331451527479984";"0.40169583618939808";"0.18553535932504062";"0.15014088440660425";"0.70924652479277861"
"Globale A2–M2–R2 1";"Soddisfatta nel dominio esplorato";"1.2357417505453263";"1.1000000000000001";"0.89015362596155378";"0.010392392991518395";"4.7161496084759236";"5.5895871084759232";"7";"-2.5676171875000002";"-2.4972460937500003";"-0.2615536748970877";"-27.05989136341546";"Terreno granulare";"0.3312385171033625";"0";"-2.5316254665235345";"-0.13095662436082905";"0";"0";"0";"24.79128089714489";"0";"0.3312385171033625";"-0.15063978964729227";"0.45973645502150734";"0.21234317285036122";"0.17183458660084544";"0.72049652248670715"
"Globale A2–M2–R2 1";"Soddisfatta nel dominio esplorato";"1.2357417505453263";"1.1000000000000001";"0.89015362596155378";"0.010392392991518395";"4.7161496084759236";"5.5895871084759232";"8";"-2.4972460937500003";"-2.4268750000000003";"-0.29687946618399152";"-26.252763347168997";"Terreno granulare";"0.37598636929590967";"0";"-2.4613748410282499";"-0.14858324999619349";"0";"0";"0";"24.79128089714489";"0";"0.37598636929590967";"-0.16626465784108441";"0.51397816653557304";"0.23739634624552272";"0.19210838036406958";"0.73152206411843212"
"Globale A2–M2–R2 1";"Soddisfatta nel dominio esplorato";"1.2357417505453263";"1.1000000000000001";"0.89015362596155378";"0.010392392991518395";"4.7161496084759236";"5.5895871084759232";"9";"-2.4268750000000003";"-2.3565039062500004";"-0.33097698472517134";"-25.451204992674359";"Terreno granulare";"0.41917830836495873";"0";"-2.3910959449142477";"-0.16560466074038624";"0";"0";"0";"24.79128089714489";"0";"0.41917830836495873";"-0.18009412851175563";"0.56468082286805277";"0.26081490007127167";"0.21105939000294796";"0.74232786273123863"
"Globale A2–M2–R2 1";"Soddisfatta nel dominio esplorato";"1.2357417505453263";"1.1000000000000001";"0.89015362596155378";"0.010392392991518395";"4.7161496084759236";"5.5895871084759232";"10";"-2.3565039062500004";"-2.2861328125000004";"-0.36387096338582747";"-24.654948808590675";"Terreno granulare";"0.46084566886633455";"0";"-2.3207977219011835";"-0.18203038413719644";"0";"0";"0";"24.79128089714489";"0";"0.46084566886633455";"-0.19220004034345253";"0.61207921558521394";"0.28270727990679861";"0.22877537299524062";"0.75291834313589001"
"Globale A2–M2–R2 1";"Soddisfatta nel dominio esplorato";"1.2357417505453263";"1.1000000000000001";"0.89015362596155378";"0.010392392991518395";"4.7161496084759236";"5.5895871084759232";"11";"-2.2861328125000004";"-2.2157617187500005";"-0.39558463653411646";"-23.863740096998171";"Terreno granulare";"0.50101788667143132";"0";"-2.2504857080900389";"-0.19787028192770728";"0";"0";"0";"24.79128089714489";"0";"0.50101788667143132";"-0.20265188577309023";"0.6563859835781084";"0.30317169944889449";"0.24533580686669074";"0.76329766205589822"
"Globale A2–M2–R2 1";"Soddisfatta nel dominio esplorato";"1.2357417505453263";"1.1000000000000001";"0.89015362596155378";"0.010392392991518395";"4.7161496084759236";"5.5895871084759232";"12";"-2.2157617187500005";"-2.1453906250000001";"-0.42613984185716536";"-23.077335950811285";"Terreno granulare";"0.53972262799883608";"0";"-2.1801635137776594";"-0.21313412967596906";"0";"0";"0";"24.79128089714489";"0";"0.53972262799883608";"-0.21151698109991565";"0.69779412123961293";"0.32229729898930309";"0.26081282666631195";"0.77346972634282585"
"Globale A2–M2–R2 1";"Soddisfatta nel dominio esplorato";"1.2357417505453263";"1.1000000000000001";"0.89015362596155378";"0.010392392991518395";"4.7161496084759236";"5.5895871084759232";"13";"-2.1453906250000001";"-2.0750195312500002";"-0.4555571125915483";"-22.29550434228689";"Terreno granulare";"0.5769859062958177";"0";"-2.1098335939201878";"-0.22783141786217653";"0";"0";"0";"24.79128089714489";"0";"0.5769859062958177";"-0.21886062223722202";"0.73647914962077388";"0.34016514822888039";"0.27527203647426113";"0.78343820947669451"
"Globale A2–M2–R2 1";"Soddisfatta nel dominio esplorato";"1.2357417505453263";"1.1000000000000001";"0.89015362596155378";"0.010392392991518395";"4.7161496084759236";"5.5895871084759232";"14";"-2.0750195312500002";"-2.0046484375000002";"-0.48385576121272678";"-21.51802329237761";"Terreno granulare";"0.61283218829404984";"0";"-2.0394976761322918";"-0.24197125763102798";"0";"0";"0";"24.79128089714489";"0";"0.61283218829404984";"-0.2247462276629438";"0.7726010022439791";"0.35684911729738872";"0.28877321425768215";"0.79320656653836963"
"Globale A2–M2–R2 1";"Soddisfatta nel dominio esplorato";"1.2357417505453263";"1.1000000000000001";"0.89015362596155378";"0.010392392991518395";"4.7161496084759236";"5.5895871084759232";"15";"-2.0046484375000002";"-1.9342773437500003";"-0.51105395549362864";"-20.744680111994377";"Terreno granulare";"0.64728449039333469";"0";"-1.9691570115659525";"-0.25556233905859471";"0";"0";"0";"24.79128089714489";"0";"0.64728449039333469";"-0.22923546993201507";"0.8063056683646268";"0.37241663574355072";"0.30137092606865895";"0.80277804781674966"
"Globale A2–M2–R2 1";"Soddisfatta nel dominio esplorato";"1.2357417505453263";"1.1000000000000001";"0.89015362596155378";"0.010392392991518395";"4.7161496084759236";"5.5895871084759232";"16";"-1.9342773437500003";"-1.8639062500000003";"-0.53716878772756971";"-19.97527070736492";"Terreno granulare";"0.68036446638160553";"0";"-1.8988125286662669";"-0.26861291689039724";"0";"0";"0";"24.79128089714489";"0";"0.68036446638160553";"-0.23238839694744678";"0.83772662927183195";"0.38692935593392797";"0.3131150628868678";"0.81215571119303132"
"Globale A2–M2–R2 1";"Soddisfatta nel dominio esplorato";"1.2357417505453263";"1.1000000000000001";"0.89015362596155378";"0.010392392991518395";"4.7161496084759236";"5.5895871084759232";"17";"-1.8639062500000003";"-1.7935351562500002";"-0.5622163378120888";"-19.209598942636372";"Terreno granulare";"0.71209248737417918";"0";"-1.8284649310118446";"-0.28113081099224529";"0";"0";"0";"24.79128089714489";"0";"0.71209248737417918";"-0.23426354404427865";"0.86698611735340148";"0.40044373459012383";"0.32405131121725889";"0.82134243342666535"
"Globale A2–M2–R2 1";"Soddisfatta nel dominio esplorato";"1.2357417505453263";"1.1000000000000001";"0.89015362596155378";"0.010392392991518395";"4.7161496084759236";"5.5895871084759232";"18";"-1.7935351562500002";"-1.7231640625000002";"-0.58621173080535094";"-18.447476053696175";"Terreno granulare";"0.74248771474763586";"0";"-1.7581147616081205";"-0.29312341470523706";"0";"0";"0";"24.79128089714489";"0";"0.74248771474763586";"-0.23491803781756665";"0.89419622285154032";"0.41301154397734674";"0.33422156675946807";"0.8303409204524318"
"Globale A2–M2–R2 1";"Soddisfatta nel dominio esplorato";"1.2357417505453263";"1.1000000000000001";"0.89015362596155378";"0.010392392991518395";"4.7161496084759236";"5.5895871084759232";"19";"-1.7231640625000002";"-1.6527929687500003";"-0.6091691894933895";"-17.688720107897186";"Terreno granulare";"0.77156816675073592";"0";"-1.6877624463284082";"-0.30459770733652736";"0";"0";"0";"24.79128089714489";"0";"0.77156816675073592";"-0.23440769251921037";"0.9194598692917173";"0.42468032243570486";"0.34366429899151313";"0.83915371678493589"
"Globale A2–M2–R2 1";"Soddisfatta nel dominio esplorato";"1.2357417505453263";"1.1000000000000001";"0.89015362596155378";"0.010392392991518395";"4.7161496084759236";"5.5895871084759232";"20";"-1.6527929687500003";"-1.5824218750000003";"-0.63110208244295585";"-16.93315550498798";"Terreno granulare";"0.79935077939407251";"0";"-1.6174083239890347";"-0.31556026864235526";"0";"0";"0";"24.79128089714489";"0";"0.79935077939407251";"-0.23278709975617867";"0.94287167531157323";"0.43549377244192816";"0.35241487329350735";"0.84778321411545843"
"Globale A2–M2–R2 1";"Soddisfatta nel dominio esplorato";"1.2357417505453263";"1.1000000000000001";"0.89015362596155378";"0.010392392991518395";"4.7161496084759236";"5.5895871084759232";"21";"-1.5824218750000003";"-1.5120507812500004";"-0.65202296795948289";"-16.180612515081691";"Terreno granulare";"0.82585146215032923";"0";"-1.5470526676231857";"-0.32601729406150354";"0";"0";"0";"24.79128089714489";"0";"0.82585146215032923";"-0.23010971214261414";"0.96451871791903199";"0.44549211314318865";"0.36050583622880372";"0.8562316591762158"
"Globale A2–M2–R2 1";"Soddisfatta nel dominio esplorato";"1.2357417505453263";"1.1000000000000001";"0.89015362596155378";"0.010392392991518395";"4.7161496084759236";"5.5895871084759232";"22";"-1.5120507812500004";"-1.4416796875000002";"-0.6719436343216012";"-15.430926849959326";"Terreno granulare";"0.85108514893588416";"0";"-1.4766956998195691";"-0.33597460997354761";"0";"0";"0";"24.79128089714489";"0";"0.85108514893588416";"-0.22642792148846175";"0.98448120996386945";"0.45471239326781482";"0.36796716876091029";"0.86450116093847951"
"Globale A2–M2–R2 1";"Soddisfatta nel dominio esplorato";"1.2357417505453263";"1.1000000000000001";"0.89015362596155378";"0.010392392991518395";"4.7161496084759236";"5.5895871084759232";"23";"-1.4416796875000002";"-1.3713085937500002";"-0.69087513662154976";"-14.683939264405884";"Terreno granulare";"0.87506584479122052";"0";"-1.4063376039728761";"-0.34543768855934714";"0";"0";"0";"24.79128089714489";"0";"0.87506584479122052";"-0.22179313204633838";"1.0028331027323107";"0.46318876945181381";"0.37482651148382018";"0.87259369720347624"
"Globale A2–M2–R2 1";"Soddisfatta nel dominio esplorato";"1.2357417505453263";"1.1000000000000001";"0.89015362596155378";"0.010392392991518395";"4.7161496084759236";"5.5895871084759232";"24";"-1.3713085937500002";"-1.3009375000000003";"-0.70882783050401255";"-13.939495184628377";"Terreno granulare";"0.89780666863096525";"0";"-1.3359785326642688";"-0.35441166202278995";"0";"0";"0";"24.79128089714489";"0";"0.89780666863096525";"-0.2162558292850725";"1.0196426230029012";"0.4709527542943529";"0.38110936535608991";"0.88051112063840298"
"Globale A2–M2–R2 1";"Soddisfatta nel dominio esplorato";"1.2357417505453263";"1.1000000000000001";"0.89015362596155378";"0.010392392991518395";"4.7161496084759236";"5.5895871084759232";"25";"-1.3009375000000003";"-1.2305664062500001";"-0.72581140306348946";"-13.197444361111504";"Terreno granulare";"0.91931989239314882";"0";"-1.2656186139923313";"-0.36290133604310043";"0";"0";"0";"24.79128089714489";"0";"0.91931989239314882";"-0.20986564461157806";"1.0349727525799317";"0.47803343784476121";"0.38683927093489201";"0.88825516430409512"
"Globale A2–M2–R2 1";"Soddisfatta nel dominio esplorato";"1.2357417505453263";"1.1000000000000001";"0.89015362596155378";"0.010392392991518395";"4.7161496084759236";"5.5895871084759232";"26";"-1.2305664062500001";"-1.1601953125000002";"-0.74183490113178507";"-12.457640543535062";"Terreno granulare";"0.93961697688126922";"0";"-1.1952579564175738";"-0.37091120239461567";"0";"0";"0";"24.79128089714489";"0";"0.93961697688126922";"-0.20267141642175857";"1.0488816572053428";"0.48445768570845232";"0.39203796868938329";"0.89582744671577141"
"Globale A2–M2–R2 1";"Soddisfatta nel dominio esplorato";"1.2357417505453263";"1.1000000000000001";"0.89015362596155378";"0.010392392991518395";"4.7161496084759236";"5.5895871084759232";"27";"-1.1601953125000002";"-1.0898242187500002";"-0.75690675716194367";"-11.719941175612231";"Terreno granulare";"0.95870860456067575";"0";"-1.1248966525136044";"-0.37844545071234559";"0";"0";"0";"24.79128089714489";"0";"0.95870860456067575";"-0.19472124782504874";"1.0614230708053163";"0.49025031652282286";"0.39672554261962745";"0.90322947647377805"
"Globale A2–M2–R2 1";"Soddisfatta nel dominio esplorato";"1.2357417505453263";"1.1000000000000001";"0.89015362596155378";"0.010392392991518395";"4.7161496084759236";"5.5895871084759232";"28";"-1.0898242187500002";"-1.0194531250000001";"-0.77103481289260944";"-10.984207107914408";"Terreno granulare";"0.97660470954235556";"0";"-1.054534781903788";"-0.38550797940682618";"0";"0";"0";"24.79128089714489";"0";"0.97660470954235556";"-0.18606256135544252";"1.0726466402252914";"0.49543426118353573";"0.40092054910737068";"0.91046265649723768"
"Globale A2–M2–R2 1";"Soddisfatta nel dominio esplorato";"1.2357417505453263";"1.1000000000000001";"0.89015362596155378";"0.010392392991518395";"4.7161496084759236";"5.5895871084759232";"29";"-1.0194531250000001";"-0.94908203125000012";"-0.78422634095687105";"-10.250302326929468";"Terreno granulare";"0.99331450496213691";"0";"-0.98417241358398788";"-0.39210240574668559";"0";"0";"0";"24.79128089714489";"0";"0.99331450496213691";"-0.17674215095391563";"1.0825982349235912";"0.50003070588587928";"0.4046401326694824";"0.91752828788996144"
"Globale A2–M2–R2 1";"Soddisfatta nel dominio esplorato";"1.2357417505453263";"1.1000000000000001";"0.89015362596155378";"0.010392392991518395";"4.7161496084759236";"5.5895871084759232";"30";"-0.94908203125000012";"-0.87871093750000018";"-0.79648806458193633";"-9.5180936987599836";"Terreno granulare";"1.0088465079407705";"0";"-0.9138096077776624";"-0.39823207513577247";"0";"0";"0";"24.79128089714489";"0";"1.0088465079407705";"-0.16680623148246934";"1.0913202255094614";"0.50405922077597654";"0.40790013006644621";"0.92442757346480064"
"Globale A2–M2–R2 1";"Soddisfatta nel dominio esplorato";"1.2357417505453263";"1.1000000000000001";"0.89015362596155378";"0.010392392991518395";"4.7161496084759236";"5.5895871084759232";"31";"-0.87871093750000018";"-0.80833984375000023";"-0.80782617551007085";"-8.7874507260079273";"Terreno granulare";"1.0232085622901181";"0";"-0.84344641743128956";"-0.40390006961593311";"0";"0";"0";"24.79128089714489";"0";"1.0232085622901181";"-0.15630048600824828";"1.0988517345103366";"0.50753787577522391";"0.41071516403103653";"0.93116162094977628"
"Globale A2–M2–R2 1";"Soddisfatta nel dominio esplorato";"1.2357417505453263";"1.1000000000000001";"0.89015362596155378";"0.010392392991518395";"4.7161496084759236";"5.5895871084759232";"32";"-0.80833984375000023";"-0.73796875000000028";"-0.81824635025701298";"-8.0582453165160164";"Terreno granulare";"1.0364078591128161";"0";"-0.77308288943076209";"-0.40910921562810915";"0";"0";"0";"24.79128089714489";"0";"1.0364078591128161";"-0.14527011107703935";"1.105228862322809";"0.51048334494257408";"0.41309872772146805";"0.93773144589677571"
"Globale A2–M2–R2 1";"Soddisfatta nel dominio esplorato";"1.2357417505453263";"1.1000000000000001";"0.89015362596155378";"0.010392392991518395";"4.7161496084759236";"5.5895871084759232";"33";"-0.73796875000000028";"-0.66759765624999989";"-0.82775376481117569";"-7.3303515627441156";"Terreno granulare";"1.0484509554263062";"0";"-0.70271906559964437";"-0.41386209106429767";"0";"0";"0";"24.79128089714489";"0";"1.0484509554263062";"-0.13375986017851177";"1.1104848909303708";"0.51291100056772942";"0.41506326086448442";"0.94413797431130075"
"Globale A2–M2–R2 1";"Soddisfatta nel dominio esplorato";"1.2357417505453263";"1.1000000000000001";"0.89015362596155378";"0.010392392991518395";"4.7161496084759236";"5.5895871084759232";"34";"-0.66759765624999989";"-0.59722656249999995";"-0.83635310786538053";"-6.6036455306545161";"Terreno granulare";"1.0593437909274346";"0";"-0.63235498352575104";"-0.41816103164170643";"0";"0";"0";"24.79128089714489";"0";"1.0593437909274346";"-0.12181408559068352";"1.1146504676500923";"0.51483499804009836";"0.41662021843391178";"0.95038204501967749"
"Globale A2–M2–R2 1";"Soddisfatta nel dominio esplorato";"1.2357417505453263";"1.1000000000000001";"0.89015362596155378";"0.010392392991518395";"4.7161496084759236";"5.5895871084759232";"35";"-0.59722656249999995";"-0.52685546875000044";"-0.84404859266222498";"-5.8780050570632545";"Terreno granulare";"1.0690917030005818";"0";"-0.56199067725187146";"-0.42200813662857867";"0";"0";"0";"24.79128089714489";"0";"1.0690917030005818";"-0.10947677877804078";"1.1177537708922873";"0.5162683524099051";"0.4177801326062493";"0.95646441178824271"
"Globale A2–M2–R2 1";"Soddisfatta nel dominio esplorato";"1.2357417505453263";"1.1000000000000001";"0.89015362596155378";"0.010392392991518395";"4.7161496084759236";"5.5895871084759232";"36";"-0.52685546875000044";"-0.45648437500000005";"-0.85084396752460112";"-5.1533095544877483";"Terreno granulare";"1.0776994400597251";"0";"-0.49162617785853346";"-0.42540527394887961";"0";"0";"0";"24.79128089714489";"0";"1.0776994400597251";"-0.096791609506234569";"1.1198206596748701";"0.51722300744591243";"0.41855266864428969";"0.96238574520729547"
"Globale A2–M2–R2 1";"Soddisfatta nel dominio esplorato";"1.2357417505453263";"1.1000000000000001";"0.89015362596155378";"0.010392392991518395";"4.7161496084759236";"5.5895871084759232";"37";"-0.45648437500000005";"-0.38611328125000011";"-0.85674252513398219";"-4.4294398225844605";"Terreno granulare";"1.085171173303868";"0";"-0.42126151396077216";"-0.42835408469054342";"0";"0";"0";"24.79128089714489";"0";"1.085171173303868";"-0.083801963826329276";"1.120874808423304";"0.51770989789685185";"0.41894667528097129";"0.96814663435102166"
"Globale A2–M2–R2 1";"Soddisfatta nel dominio esplorato";"1.2357417505453263";"1.1000000000000001";"0.89015362596155378";"0.010392392991518395";"4.7161496084759236";"5.5895871084759232";"38";"-0.38611328125000011";"-0.31574218750000016";"-0.86174711061094733";"-3.7062778653253421";"Terreno granulare";"1.0915105069550679";"0";"-0.35089671213637519";"-0.43085598703937772";"0";"0";"0";"24.79128089714489";"0";"1.0915105069550679";"-0.070550981072914173";"1.1209378284025604";"0.51773900557844221";"0.41897023010670859";"0.97374758822313179"
"Globale A2–M2–R2 1";"Soddisfatta nel dominio esplorato";"1.2357417505453263";"1.1000000000000001";"0.89015362596155378";"0.010392392991518395";"4.7161496084759236";"5.5895871084759232";"39";"-0.31574218750000016";"-0.24537109374999977";"-0.86586012844480731";"-2.9837067131089001";"Terreno granulare";"1.0967204870380614";"0";"-0.28053179729968308";"-0.43291217965806733";"0";"0";"0";"24.79128089714489";"0";"1.0967204870380614";"-0.057081590012883231";"1.1200293769647969";"0.51731940983273139";"0.41863068040263351";"0.97918903699660009"
"Globale A2–M2–R2 1";"Soddisfatta nel dominio esplorato";"1.2357417505453263";"1.1000000000000001";"0.89015362596155378";"0.010392392991518395";"4.7161496084759236";"5.5895871084759232";"40";"-0.24537109374999977";"-0.17500000000000027";"-0.86908354831211465";"-2.2616102490420196";"Terreno granulare";"1.1008036087521962";"0";"-0.21016679303245506";"-0.43452364452706843";"0";"0";"0";"24.79128089714489";"0";"1.1008036087521962";"-0.043436544275421013";"1.118167255654485";"0.51645933284091361";"0.41793467980911292";"0.98447133305461931"
"Globale A2–M2–R2 1";"Soddisfatta nel dominio esplorato";"1.2357417505453263";"1.1000000000000001";"0.89015362596155378";"0.010392392991518395";"4.7161496084759236";"5.5895871084759232";"41";"-0.17500000000000027";"-0.10462890625000032";"-0.87141890981715964";"-1.5398730386619628";"Terreno granulare";"1.1037618224776296";"0";"-0.13980172188134421";"-0.43569114926156721";"0";"0";"0";"24.79128089714489";"0";"1.1037618224776296";"-0.029658457188385608";"1.1153674980862707";"0.51516618021237426";"0.41688822117164381";"0.98959475183869527"
"Globale A2–M2–R2 1";"Soddisfatta nel dominio esplorato";"1.2357417505453263";"1.1000000000000001";"0.89015362596155378";"0.010392392991518395";"4.7161496084759236";"5.5895871084759232";"42";"-0.10462890625000032";"-0.034257812500000373";"-0.87286732618121743";"-0.81838016239550171";"Terreno granulare";"1.1055965384493778";"0";"-0.069436605630079237";"-0.43641524891608335";"0";"0";"0";"24.79128089714489";"0";"1.1055965384493778";"-0.01578983614193704";"1.1116444483985874";"0.51344657722086195";"0.41549666586427197";"0.99455949250866849"
"Globale A2–M2–R2 1";"Soddisfatta nel dominio esplorato";"1.2357417505453263";"1.1000000000000001";"0.89015362596155378";"0.010392392991518395";"4.7161496084759236";"5.5895871084759232";"43";"-0.034257812500000373";"0";"-0.87336974665008693";"-0.2821068236144107";"Terreno granulare";"0.53854987161208767";"0";"-0.017128354884093616";"-0.43668050035574824";"0";"0";"0";"24.79128089714489";"0";"0.53854987161208767";"-0.0026515903495993127";"0.53954934941692301";"0.24920716970155835";"0.20166605975041674";"0.99814756925216308"
"Globale A2–M2–R2 1";"Soddisfatta nel dominio esplorato";"1.2357417505453263";"1.1000000000000001";"0.89015362596155378";"0.010392392991518395";"4.7161496084759236";"5.5895871084759232";"44";"0";"0.036113281250000018";"-0.87343224552249943";"0.078562006749391969";"Terreno granulare";"0.56775875851384472";"0.4062744140625002";"0.018056541173822518";"-0.16070797710922352";"0";"0";"0";"24.79128089714489";"0";"0.97403317257634492";"0.0013355431133338902";"0.97353515377123834";"0.44965662647631055";"0.36387588772320711";"1.0005115570846901"
"Globale A2–M2–R2 1";"Soddisfatta nel dominio esplorato";"1.2357417505453263";"1.1000000000000001";"0.89015362596155378";"0.010392392991518395";"4.7161496084759236";"5.5895871084759232";"45";"0.036113281250000018";"0.10648437499999996";"-0.87310565939291518";"0.62433068316292473";"Terreno granulare";"1.1058984362708308";"0.79167480468749929";"0.071295826267894241";"-0.16053971998374172";"0";"0";"0";"24.79128089714489";"0";"1.8975732409583301";"0.020675717727432163";"1.889988043440243";"0.87294808451631878";"0.70641627518944905";"1.0040133574095422"
"Globale A2–M2–R2 1";"Soddisfatta nel dominio esplorato";"1.2357417505453263";"1.1000000000000001";"0.89015362596155378";"0.010392392991518395";"4.7161496084759236";"5.5895871084759232";"46";"0.10648437499999996";"0.17685546874999991";"-0.87189568962702602";"1.345777400223632";"Terreno granulare";"1.1043657617591156";"0.79167480468749929";"0.14166344504972683";"-0.15996429211231758";"0";"0";"0";"24.79128089714489";"0";"1.8960405664466149";"0.044528376617491032";"1.8800553918568419";"0.86836038926396397";"0.70270377194973066";"1.0085025019257465"
"Globale A2–M2–R2 1";"Soddisfatta nel dominio esplorato";"1.2357417505453263";"1.1000000000000001";"0.89015362596155378";"0.010392392991518395";"4.7161496084759236";"5.5895871084759232";"47";"0.17685546874999991";"0.24722656249999986";"-0.86979900176300795";"2.0674376053392978";"Terreno granulare";"1.1017098771128591";"0.79167480468749929";"0.21203104921375651";"-0.15896727926499904";"0";"0";"0";"24.79128089714489";"0";"1.8933846818003583";"0.068301922045560806";"1.8693947226002334";"0.86343643705192841";"0.69871915929918083";"1.0128330089467441"
"Globale A2–M2–R2 1";"Soddisfatta nel dominio esplorato";"1.2357417505453263";"1.1000000000000001";"0.89015362596155378";"0.010392392991518395";"4.7161496084759236";"5.5895871084759232";"48";"0.24722656249999986";"0.3175976562499998";"-0.86681459677731088";"2.7894261078954425";"Terreno granulare";"1.0979295167634333";"0.79167480468749929";"0.28239863079885774";"-0.15754839005361815";"0";"0";"0";"24.79128089714489";"0";"1.8896043214509326";"0.091953869301538302";"1.8580094289910269";"0.85817779518786574";"0.69446370555106385";"1.0170046997431348"
"Globale A2–M2–R2 1";"Soddisfatta nel dominio esplorato";"1.2357417505453263";"1.1000000000000001";"0.89015362596155378";"0.010392392991518395";"4.7161496084759236";"5.5895871084759232";"49";"0.3175976562499998";"0.38796874999999975";"-0.86294105007914013";"3.5118581874785844";"Terreno granulare";"1.0930228760307004";"0.79167480468749929";"0.35276618168300944";"-0.15570721119736688";"0";"0";"0";"24.79128089714489";"0";"1.8846976807181997";"0.11544163691573599";"1.8459017734721868";"0.85258550864941973";"0.68993825633323325";"1.0210173194497976"
"Globale A2–M2–R2 1";"Soddisfatta nel dominio esplorato";"1.2357417505453263";"1.1000000000000001";"0.89015362596155378";"0.010392392991518395";"4.7161496084759236";"5.5895871084759232";"50";"0.38796874999999975";"0.45833984375000014";"-0.85817650810020663";"4.234849760797915";"Terreno granulare";"1.0869876068023152";"0.7916748046875044";"0.42313369352357699";"-0.15344320892854918";"0";"0";"0";"24.79128089714489";"0";"1.8786624114898196";"0.13872251240224884";"1.8330729049803969";"0.84666010810771308";"0.68514324108098346";"1.0248705364557829"
"Globale A2–M2–R2 1";"Soddisfatta nel dominio esplorato";"1.2357417505453263";"1.1000000000000001";"0.89015362596155378";"0.010392392991518395";"4.7161496084759236";"5.5895871084759232";"51";"0.45833984375000014";"0.52871093750000009";"-0.85251868383938678";"4.9585175511588835";"Terreno granulare";"1.079820811888877";"0.79167480468749929";"0.49350115769429748";"-0.15075573090074548";"0";"0";"0";"24.79128089714489";"0";"1.8714956165763763";"0.16175361756145956";"1.8195228715212171";"0.84040161573556438";"0.68007867773723718";"1.0285639416072343"
"Globale A2–M2–R2 1";"Soddisfatta nel dominio esplorato";"1.2357417505453263";"1.1000000000000001";"0.89015362596155378";"0.010392392991518395";"4.7161496084759236";"5.5895871084759232";"52";"0.52871093750000009";"0.59908203124999959";"-0.84596485133717714";"5.6829792611854488";"Terreno granulare";"1.0715190380232389";"0.7916748046874944";"0.56386856521796958";"-0.14764400866918567";"0";"0";"0";"24.79128089714489";"0";"1.8631938427107333";"0.18449187322185034";"1.805250628060042";"0.83380954885216485";"0.67474417570192891";"1.0320970472188442"
"Globale A2–M2–R2 1";"Soddisfatta nel dominio esplorato";"1.2357417505453263";"1.1000000000000001";"0.89015362596155378";"0.010392392991518395";"4.7161496084759236";"5.5895871084759232";"53";"0.59908203124999959";"0.66945312499999998";"-0.83851183904856974";"6.4083537495134824";"Terreno granulare";"1.0620782674640412";"0.7916748046875044";"0.63423590669372676";"-0.14410716083397301";"0";"0";"0";"24.79128089714489";"0";"1.8537530721515456";"0.20689396329715773";"1.790254039801263";"0.82688292143765929";"0.66913893705764993";"1.0354692858882373"
"Globale A2–M2–R2 1";"Soddisfatta nel dominio esplorato";"1.2357417505453263";"1.1000000000000001";"0.89015362596155378";"0.010392392991518395";"4.7161496084759236";"5.5895871084759232";"54";"0.66945312499999998";"0.73982421874999993";"-0.83015602207642392";"7.1347612122096864";"Terreno granulare";"1.0514939081554386";"0.79167480468749929";"0.70460317221763757";"-0.14014419696102556";"0";"0";"0";"24.79128089714489";"0";"1.8431687128429379";"0.22891629802988883";"1.774529880890368";"0.8196202435336708";"0.66326175608453519";"1.0386800091064854"
"Globale A2–M2–R2 1";"Soddisfatta nel dominio esplorato";"1.2357417505453263";"1.1000000000000001";"0.89015362596155378";"0.010392392991518395";"4.7161496084759236";"5.5895871084759232";"55";"0.73982421874999993";"0.80000000000000004";"-0.82159486411081595";"7.8095775864248989";"Terreno granulare";"0.88989196379464375";"0.67697753906250124";"0.76988349833122161";"-0.13609053624797809";"0";"0";"0";"24.79128089714489";"0";"1.5668695028571449";"0.21290006355630806";"1.5044164764826631";"0.69486020613645905";"0.56230212002614699";"1.0415131230950736"
"Globale A2–M2–R2 1";"Soddisfatta nel dominio esplorato";"1.2357417505453263";"1.1000000000000001";"0.89015362596155378";"0.010392392991518395";"4.7161496084759236";"5.5895871084759232";"56";"0.80000000000000004";"0.81019531249999988";"-0.81665506797791831";"8.1737829244757592";"Terreno granulare";"0.14986881859168621";"0.14068336486816133";"0.80524884334968649";"-0.075472327476957382";"0";"0";"0";"24.79128089714489";"0";"0.29055218345984757";"0.041317412665151321";"0.27857828164544185";"0.12866979671870338";"0.10412353281899075";"1.0429821798873948"
"Globale A2–M2–R2 1";"Soddisfatta nel dominio esplorato";"1.2357417505453263";"1.1000000000000001";"0.89015362596155378";"0.010392392991518395";"4.7161496084759236";"5.5895871084759232";"57";"0.81019531249999988";"0.88056640625000027";"-0.81071915278906559";"8.591163660105849";"Terreno granulare";"1.0268731138823108";"2.3884251594543584";"0.84960924416604144";"0.39535229186992343";"0";"0";"0";"24.79128089714489";"0";"3.4152982733366692";"0.51277058701262224";"3.2694359839729308";"1.5100877963560166";"1.2220092067696369";"1.044613899791514"
"Globale A2–M2–R2 1";"Soddisfatta nel dominio esplorato";"1.2357417505453263";"1.1000000000000001";"0.89015362596155378";"0.010392392991518395";"4.7161496084759236";"5.5895871084759232";"58";"0.88056640625000027";"0.95000000000000018";"-0.79970541726362221";"9.3165382791096683";"Terreno granulare";"0.99942883854010212";"4.7833914756774867";"0.91768085131503052";"1.094720685753559";"0";"0";"0";"24.79128089714489";"0";"5.7828203142175889";"0.9386536117654215";"5.5215527728499358";"2.5502959837997077";"2.0637774702313614";"1.0473177658741819"
"Globale A2–M2–R2 1";"Soddisfatta nel dominio esplorato";"1.2357417505453263";"1.1000000000000001";"0.89015362596155378";"0.010392392991518395";"4.7161496084759236";"5.5895871084759232";"59";"0.95000000000000018";"0.95093750000000021";"-0.79381776767376611";"9.6822210225733336";"Terreno granulare";"0.013395674714073613";"0.080859375000003064";"0.95046874776274981";"1.4234309993025893";"0";"0";"0";"24.79128089714489";"0";"0.09425504971407668";"0.015852144681604272";"0.089885084296800449";"0.041516142091911949";"0.033596131290045912";"1.0486172478055047"
"Globale A2–M2–R2 1";"Soddisfatta nel dominio esplorato";"1.2357417505453263";"1.1000000000000001";"0.89015362596155378";"0.010392392991518395";"4.7161496084759236";"5.5895871084759232";"60";"0.95093750000000021";"1.0213085937499997";"-0.78761580570302225";"10.053182191718008";"Terreno granulare";"0.99760796171542221";"6.0695068359374567";"0.98610993370947575";"1.4259064347831278";"0";"0";"0";"24.79128089714489";"0";"7.067114797652879";"1.2336345666536193";"6.731278890744143";"3.1090445436492611";"2.5159338852776125";"1.0498918425992612"
"Globale A2–M2–R2 1";"Soddisfatta nel dominio esplorato";"1.2357417505453263";"1.1000000000000001";"0.89015362596155378";"0.010392392991518395";"4.7161496084759236";"5.5895871084759232";"61";"1.0213085937499997";"1.0916796875000001";"-0.77467502693526491";"10.786617744299939";"Terreno granulare";"0.98121579296919992";"6.069506835937533";"1.0564800158209782";"1.4310373213523828";"0";"0";"0";"24.79128089714489";"0";"7.0507226289067333";"1.3195381932448318";"6.7004098105195755";"3.0947867262274289";"2.5043960235718474";"1.0522822973957757"
"Globale A2–M2–R2 1";"Soddisfatta nel dominio esplorato";"1.2357417505453263";"1.1000000000000001";"0.89015362596155378";"0.010392392991518395";"4.7161496084759236";"5.5895871084759232";"62";"1.0916796875000001";"1.1620507812499996";"-0.7607995822408693";"11.521846498754776";"Terreno granulare";"0.96363967315226906";"6.0695068359374567";"1.1268500834359885";"1.4365318556992976";"0";"0";"0";"24.79128089714489";"0";"7.0331465090897254";"1.4047925822980714";"6.6696155351985018";"3.080563459710532";"2.4928861215145441";"1.0545055366344147"
"Globale A2–M2–R2 1";"Soddisfatta nel dominio esplorato";"1.2357417505453263";"1.1000000000000001";"0.89015362596155378";"0.010392392991518395";"4.7161496084759236";"5.5895871084759232";"63";"1.1620507812499996";"1.2000000000000002";"-0.74947958019868732";"12.089011370498921";"Terreno granulare";"0.51195111818053229";"3.273120117187549";"1.1810207518003031";"1.4409992486993244";"0";"0";"0";"24.79128089714489";"0";"3.7850712353680813";"0.79270823448020733";"3.584001737887748";"1.6553794945164624";"1.3395836903511209";"1.0561019531198204"
"Globale A2–M2–R2 1";"Soddisfatta nel dominio esplorato";"1.2357417505453263";"1.1000000000000001";"0.89015362596155378";"0.010392392991518395";"4.7161496084759236";"5.5895871084759232";"64";"1.2000000000000002";"1.232421875";"-0.74182489503356752";"12.458116003103289";"Terreno granulare";"2.1837007105288104";"0.36474609374999795";"1.2162065056839177";"1.3088429629034908";"0";"0";"0";"24.79128089714489";"0";"2.5484468042788082";"0.54976388459631931";"2.4108241708060407";"1.113511987186979";"0.9010879390419495";"1.0570853051580094"
"Globale A2–M2–R2 1";"Soddisfatta nel dominio esplorato";"1.2357417505453263";"1.1000000000000001";"0.89015362596155378";"0.010392392991518395";"4.7161496084759236";"5.5895871084759232";"65";"1.232421875";"1.3027929687500004";"-0.73021563950274437";"12.998227536043675";"Terreno granulare";"4.7249378345546598";"0.7916748046875044";"1.2675855487819221";"1.3143064827508166";"0";"0";"0";"24.79128089714489";"0";"5.5166126392421644";"1.2407799571967182";"5.2119966098896677";"2.407318116588173";"1.9480754093853641";"1.0584451702778344"
"Globale A2–M2–R2 1";"Soddisfatta nel dominio esplorato";"1.2357417505453263";"1.1000000000000001";"0.89015362596155378";"0.010392392991518395";"4.7161496084759236";"5.5895871084759232";"66";"1.3027929687500004";"1.3731640624999999";"-0.71349118353152097";"13.739659711102657";"Terreno granulare";"4.7037528373607653";"0.7916748046874944";"1.3379552577478522";"1.3221554613171831";"0";"0";"0";"24.79128089714489";"0";"5.4954276420482593";"1.305199386279527";"5.1835895810116188";"2.3941974719724781";"1.9374577826766244";"1.0601587097441041"
"Globale A2–M2–R2 1";"Soddisfatta nel dominio esplorato";"1.2357417505453263";"1.1000000000000001";"0.89015362596155378";"0.010392392991518395";"4.7161496084759236";"5.5895871084759232";"67";"1.3731640624999999";"1.4435351562500003";"-0.69580010160098915";"14.483445421980724";"Terreno granulare";"4.6813434012952362";"0.7916748046875044";"1.4083249380046667";"1.3304537616631431";"0";"0";"0";"24.79128089714489";"0";"5.4730182059827408";"1.3687791461360501";"5.1549606599191264";"2.3809743397329903";"1.9267572198497613";"1.061699315871909"
"Globale A2–M2–R2 1";"Soddisfatta nel dominio esplorato";"1.2357417505453263";"1.1000000000000001";"0.89015362596155378";"0.010392392991518395";"4.7161496084759236";"5.5895871084759232";"68";"1.4435351562500003";"1.5139062499999998";"-0.67713288152038498";"15.229733811342296";"Terreno granulare";"4.6576974760019372";"0.7916748046874944";"1.4786945873063266";"1.3392050532020945";"0";"0";"0";"24.79128089714489";"0";"5.4493722806894311";"1.4314698245316824";"5.1260937102220341";"2.3676412667903506";"1.9159676896451245";"1.0630652868914086"
"Globale A2–M2–R2 1";"Soddisfatta nel dominio esplorato";"1.2357417505453263";"1.1000000000000001";"0.89015362596155378";"0.010392392991518395";"4.7161496084759236";"5.5895871084759232";"69";"1.5139062499999998";"1.5842773437499993";"-0.65747935040548189";"15.978678256608577";"Terreno granulare";"4.6328021741035528";"0.7916748046874944";"1.5490642032698183";"1.3484132433117906";"0";"0";"0";"24.79128089714489";"0";"5.4244769787910467";"1.4932211719382553";"5.0969720449994043";"2.3541905457859227";"1.9050829550324984";"1.064254802831998"
"Globale A2–M2–R2 1";"Soddisfatta nel dominio esplorato";"1.2357417505453263";"1.1000000000000001";"0.89015362596155378";"0.010392392991518395";"4.7161496084759236";"5.5895871084759232";"70";"1.5842773437499993";"1.6546484375000006";"-0.63682864450491294";"16.730436710944169";"Terreno granulare";"4.6066437329688412";"0.79167480468751439";"1.6194337833609151";"1.3580824854112019";"0";"0";"0";"24.79128089714489";"0";"5.3983185376563556";"1.553982037835324";"5.067578372381786";"2.3406141899473201";"1.8940965528715197";"1.0652659201241164"
"Globale A2–M2–R2 1";"Soddisfatta nel dominio esplorato";"1.2357417505453263";"1.1000000000000001";"0.89015362596155378";"0.010392392991518395";"4.7161496084759236";"5.5895871084759232";"71";"1.6546484375000006";"1.7250195312500001";"-0.61516917625000467";"17.485172068017267";"Terreno granulare";"4.5792074729617438";"0.7916748046874944";"1.6898033248783983";"1.3682171876230516";"0";"0";"0";"24.79128089714489";"0";"5.3708822776492386";"1.6137003030660417";"5.0378947371441232";"2.3269039061113266";"1.8830017720810002";"1.0660965657043242"
"Globale A2–M2–R2 1";"Soddisfatta nel dominio esplorato";"1.2357417505453263";"1.1000000000000001";"0.89015362596155378";"0.010392392991518395";"4.7161496084759236";"5.5895871084759232";"72";"1.7250195312500001";"1.7953906250000005";"-0.59248859827599176";"18.243052553102142";"Terreno granulare";"4.5504777518540136";"0.7916748046875044";"1.7601728249365427";"1.3788220220492142";"0";"0";"0";"24.79128089714489";"0";"5.3421525565415182";"1.6723228078379804";"5.0079024578116931";"2.313051065674375";"1.8717916301311643";"1.0667445305785535"
"Globale A2–M2–R2 1";"Soddisfatta nel dominio esplorato";"1.2357417505453263";"1.1000000000000001";"0.89015362596155378";"0.010392392991518395";"4.7161496084759236";"5.5895871084759232";"73";"1.7953906250000005";"1.86576171875";"-0.5687737641312598";"19.004252143388051";"Terreno granulare";"4.520437915038146";"0.7916748046874944";"1.8305422804456151";"1.3899019346867239";"0";"0";"0";"24.79128089714489";"0";"5.3121127197256399";"1.7297952749122538";"4.9775820587162141";"2.2990466732106061";"1.8604588476484256";"1.0672074627928296"
"Globale A2–M2–R2 1";"Soddisfatta nel dominio esplorato";"1.2357417505453263";"1.1000000000000001";"0.89015362596155378";"0.010392392991518395";"4.7161496084759236";"5.5895871084759232";"74";"1.86576171875";"1.9361328124999995";"-0.54401068535562747";"19.76895102069717";"Terreno granulare";"4.4890702411415093";"0.7916748046874944";"1.9009116880900947";"1.4014621560122624";"0";"0";"0";"24.79128089714489";"0";"5.2807450458290042";"1.7860622274760547";"4.9469131963804607";"2.2848813324703765";"1.8489958209003381";"1.0674828597544022"
"Globale A2–M2–R2 1";"Soddisfatta nel dominio esplorato";"1.2357417505453263";"1.1000000000000001";"0.89015362596155378";"0.010392392991518395";"4.7161496084759236";"5.5895871084759232";"75";"1.9361328124999995";"2.0065039062499999";"-0.51818448456812316";"20.537336060202016";"Terreno granulare";"4.4563558825815441";"0.7916748046875044";"1.9712810443043065";"1.4135082122625682";"0";"0";"0";"24.79128089714489";"0";"5.2480306872690488";"1.8410669011316394";"4.9158745795193015";"2.2705452094303258";"1.8373945918945818";"1.0675680598389528"
"Globale A2–M2–R2 1";"Soddisfatta nel dominio esplorato";"1.2357417505453263";"1.1000000000000001";"0.89015362596155378";"0.010392392991518395";"4.7161496084759236";"5.5895871084759232";"76";"2.0065039062499999";"2.0768750000000002";"-0.49127934415831387";"21.309601359177943";"Terreno granulare";"4.4222748005499897";"0.7916748046875044";"2.0416503452450527";"1.4260459374369203";"0";"0";"0";"24.79128089714489";"0";"5.2139496052374943";"1.894751149369883";"4.8844438818598785";"2.2560279920267368";"1.8256468157939663";"1.0674602332112675"
"Globale A2–M2–R2 1";"Soddisfatta nel dominio esplorato";"1.2357417505453263";"1.1000000000000001";"0.89015362596155378";"0.010392392991518395";"4.7161496084759236";"5.5895871084759232";"77";"2.0768750000000002";"2.1472460937500006";"-0.46327845012207458";"22.085948810339001";"Terreno granulare";"4.3868056938436322";"0.7916748046875044";"2.1120195867608165";"1.4390814860455707";"0";"0";"0";"24.79128089714489";"0";"5.1784804985311368";"1.9470553418183494";"4.8525976468724821";"2.2413188461526179";"1.813743725307926";"1.0671563717772248"
"Globale A2–M2–R2 1";"Soddisfatta nel dominio esplorato";"1.2357417505453263";"1.1000000000000001";"0.89015362596155378";"0.010392392991518395";"4.7161496084759236";"5.5895871084759232";"78";"2.1472460937500006";"2.2176171875000001";"-0.43416393052148461";"22.866588724897092";"Terreno granulare";"4.3499259208812848";"0.7916748046874944";"2.1823887643570146";"1.4526213466242606";"0";"0";"0";"24.79128089714489";"0";"5.1416007255687788";"1.9979182544648759";"4.8203111833777701";"2.2264063674407351";"1.8016760916738741";"1.0666532781740181"
"Globale A2–M2–R2 1";"Soddisfatta nel dominio esplorato";"1.2357417505453263";"1.1000000000000001";"0.89015362596155378";"0.010392392991518395";"4.7161496084759236";"5.5895871084759232";"79";"2.2176171875000001";"2.2879882812499996";"-0.40391678797799813";"23.651740511168178";"Terreno granulare";"4.3116114141590955";"0.7916748046874944";"2.25275787315665";"1.4666723560293724";"0";"0";"0";"24.79128089714489";"0";"5.1032862188465895";"2.0472769509560855";"4.7875584508511384";"2.2112785282879779";"1.7894341817877015";"1.0659475536929102"
"Globale A2–M2–R2 1";"Soddisfatta nel dominio esplorato";"1.2357417505453263";"1.1000000000000001";"0.89015362596155378";"0.010392392991518395";"4.7161496084759236";"5.5895871084759232";"80";"2.2879882812499996";"2.358359375";"-0.37251682552642151";"24.441633415342825";"Terreno granulare";"4.2718365862905765";"0.7916748046875044";"2.3231269078556731";"1.481241714520275";"0";"0";"0";"24.79128089714489";"0";"5.0635113909780811";"2.0950666539510925";"4.7543119330708077";"2.1959226194959043";"1.7770077109775204";"1.0650355850142046"
"Globale A2–M2–R2 1";"Soddisfatta nel dominio esplorato";"1.2357417505453263";"1.1000000000000001";"0.89015362596155378";"0.010392392991518395";"4.7161496084759236";"5.5895871084759232";"81";"2.358359375";"2.4287304687499995";"-0.33994256506250053";"25.236507331961104";"Terreno granulare";"4.2305742266595248";"0.7916748046874944";"2.3934958626721454";"1.4963370016241517";"0";"0";"0";"24.79128089714489";"0";"5.0222490313470196";"2.141220605374309";"4.7205424985563527";"2.1803251858100632";"1.7643857908401146";"1.063913529617186"
"Globale A2–M2–R2 1";"Soddisfatta nel dominio esplorato";"1.2357417505453263";"1.1000000000000001";"0.89015362596155378";"0.010392392991518395";"4.7161496084759236";"5.5895871084759232";"82";"2.4287304687499995";"2.4991015625000008";"-0.30617115750664237";"26.036613692708364";"Terreno granulare";"4.1877953875737992";"0.79167480468751439";"2.4638647312882047";"1.5119661927631787";"0";"0";"0";"24.79128089714489";"0";"4.9794701922613136";"2.1856699142518852";"4.6862192460063756";"2.1644719545307085";"1.7515568714705467";"1.0625772997080425"
"Globale A2–M2–R2 1";"Soddisfatta nel dominio esplorato";"1.2357417505453263";"1.1000000000000001";"0.89015362596155378";"0.010392392991518395";"4.7161496084759236";"5.5895871084759232";"83";"2.4991015625000008";"2.5694726562500003";"-0.27117828367752672";"26.842216443407338";"Terreno granulare";"4.143469258641888";"0.7916748046874944";"2.5342335067835884";"1.528137676602938";"0";"0";"0";"24.79128089714489";"0";"4.9351440633293819";"2.2283433906290289";"4.6513093326601469";"2.1483477562364435";"1.7385086773093075";"1.0610225444857493"
"Globale A2–M2–R2 1";"Soddisfatta nel dominio esplorato";"1.2357417505453263";"1.1000000000000001";"0.89015362596155378";"0.010392392991518395";"4.7161496084759236";"5.5895871084759232";"84";"2.5694726562500003";"2.6398437499999998";"-0.23493804471834245";"27.653593120560927";"Terreno granulare";"4.0975630279090502";"0.7916748046874944";"2.6046021815592364";"1.5448602730527217";"0";"0";"0";"24.79128089714489";"0";"4.8892378325965442";"2.2691673638513086";"4.615777783182363";"2.1319364365118649";"1.7252281357096275";"1.0592446305388739"
"Globale A2–M2–R2 1";"Soddisfatta nel dominio esplorato";"1.2357417505453263";"1.1000000000000001";"0.89015362596155378";"0.010392392991518395";"4.7161496084759236";"5.5895871084759232";"85";"2.6398437499999998";"2.7102148437500002";"-0.19742284074088712";"28.471036040541154";"Terreno granulare";"4.0500417280558354";"0.7916748046875044";"2.674970747249211";"1.5621432518106027";"0";"0";"0";"24.79128089714489";"0";"4.84171653274334";"2.3080654832333725";"4.5795872762644096";"2.1152207573829136";"1.7117012971759495";"1.0572386201345092"
"Globale A2–M2–R2 1";"Soddisfatta nel dominio esplorato";"1.2357417505453263";"1.1000000000000001";"0.89015362596155378";"0.010392392991518395";"4.7161496084759236";"5.5895871084759232";"86";"2.7102148437500002";"2.7805859374999997";"-0.1586032361430858";"29.294853616578433";"Terreno granulare";"4.0008680657043376";"0.7916748046874944";"2.7453391946187748";"1.5799963512958246";"0";"0";"0";"24.79128089714489";"0";"4.7925428703918325";"2.3449584988422427";"4.5426979056724939";"2.0981822869497311";"1.6979132460514621";"1.054999247123027"
"Globale A2–M2–R2 1";"Soddisfatta nel dominio esplorato";"1.2357417505453263";"1.1000000000000001";"0.89015362596155378";"0.010392392991518395";"4.7161496084759236";"5.5895871084759232";"87";"2.7805859374999997";"2.8509570312500001";"-0.11844780980707359";"30.125371821148271";"Terreno granulare";"3.9500022315575967";"0.7916748046875044";"2.8157075134460245";"1.598429797744114";"0";"0";"0";"24.79128089714489";"0";"4.7416770362451013";"2.3797640197644645";"4.5050669119012445";"2.0808012754427678";"1.683848000218914";"1.0525208901379006"
"Globale A2–M2–R2 1";"Soddisfatta nel dominio esplorato";"1.2357417505453263";"1.1000000000000001";"0.89015362596155378";"0.010392392991518395";"4.7161496084759236";"5.5895871084759232";"88";"2.8509570312500001";"2.9213281249999996";"-0.076922988089350497";"30.962935814262675";"Terreno granulare";"3.8974016887222551";"0.7916748046874944";"2.886075692383899";"1.6174543241526624";"0";"0";"0";"24.79128089714489";"0";"4.6890764934097495";"2.4123962468040827";"4.4666483799095493";"2.063056515612947";"1.6694883981240669";"1.0497975427169632"
"Globale A2–M2–R2 1";"Soddisfatta nel dominio esplorato";"1.2357417505453263";"1.1000000000000001";"0.89015362596155378";"0.010392392991518395";"4.7161496084759236";"5.5895871084759232";"89";"2.9213281249999996";"2.9916992187500009";"-0.03399285816128117";"31.807911761654726";"Terreno granulare";"3.8430209361206793";"0.79167480468751439";"2.956443718798667";"1.63708118864342";"0";"0";"0";"24.79128089714489";"0";"4.6346957408081941";"2.4427656760579026";"4.427392897596647";"2.044925184988529";"1.6548159711251273";"1.0468227799082568"
"Globale A2–M2–R2 1";"Soddisfatta nel dominio esplorato";"1.2357417505453263";"1.1000000000000001";"0.89015362596155378";"0.010392392991518395";"4.7161496084759236";"5.5895871084759232";"90";"2.9916992187500009";"3";"-0.0093693315331018212";"32.283608424694968";"Terreno granulare";"0.44964197037975517";"0.093383789062490008";"2.9958486112401514";"1.6483138681092018";"0";"0";"0";"24.79128089714489";"0";"0.54302575944224518";"0.29003566788282398";"0.51961807337540178";"0.24000130763126631";"0.19421639474862365";"1.0450478673976615"
"Globale A2–M2–R2 1";"Soddisfatta nel dominio esplorato";"1.2357417505453263";"1.1000000000000001";"0.89015362596155378";"0.010392392991518395";"4.7161496084759236";"5.5895871084759232";"91";"3";"3.0620703125000004";"0.013044108913490504";"32.711236864131024";"Terreno granulare";"3.8399388042247984";"0";"3.0309751576093404";"1.7315268931578462";"0";"0";"0";"24.79128089714489";"0";"3.8399388042247984";"2.0750822456349876";"3.680249757749372";"1.699834550657324";"1.3755580807294048";"1.0433908177397946"
"Globale A2–M2–R2 1";"Soddisfatta nel dominio esplorato";"1.2357417505453263";"1.1000000000000001";"0.89015362596155378";"0.010392392991518395";"4.7161496084759236";"5.5895871084759232";"92";"3.0620703125000004";"3.1324414062499999";"0.056239954507599776";"33.521681679591964";"Terreno granulare";"4.2987262121158691";"0";"3.0971753057684834";"1.7531251511899395";"0";"0";"0";"24.79128089714489";"0";"4.2987262121158691";"2.3739203559677144";"4.1330290013702102";"1.9089643252076967";"1.544792287195347";"1.0400909867050838"
"Globale A2–M2–R2 1";"Soddisfatta nel dominio esplorato";"1.2357417505453263";"1.1000000000000001";"0.89015362596155378";"0.010392392991518395";"4.7161496084759236";"5.5895871084759232";"93";"3.1324414062499999";"3.2028125000000003";"0.10362817486296194";"34.391332632225549";"Terreno granulare";"4.23869800282176";"0";"3.1675425378047519";"1.7768180430140723";"0";"0";"0";"24.79128089714489";"0";"4.23869800282176";"2.3941314007139827";"4.0901492889278179";"1.8891590343905857";"1.5287652404370977";"1.0363186532814508"
"Globale A2–M2–R2 1";"Soddisfatta nel dominio esplorato";"1.2357417505453263";"1.1000000000000001";"0.89015362596155378";"0.010392392991518395";"4.7161496084759236";"5.5895871084759232";"94";"3.2028125000000003";"3.2731835937499998";"0.15259334320871254";"35.270114997081933";"Terreno granulare";"4.1766721110749003";"0";"3.2379095286986166";"1.8012992841044007";"0";"0";"0";"24.79128089714489";"0";"4.1766721110749003";"2.4116773828039979";"4.0461270685831607";"1.8688260417775353";"1.5123111612542284";"1.0322641974112425"
"Globale A2–M2–R2 1";"Soddisfatta nel dominio esplorato";"1.2357417505453263";"1.1000000000000001";"0.89015362596155378";"0.010392392991518395";"4.7161496084759236";"5.5895871084759232";"95";"3.2731835937499998";"3.3435546875000002";"0.20318678840869886";"36.158536174590544";"Terreno granulare";"4.1125834992498227";"0";"3.3082762530943928";"1.8265945225640778";"0";"0";"0";"24.79128089714489";"0";"4.1125834992498227";"2.4264444729620607";"4.000885045558948";"1.8479296464401651";"1.4954011593641499";"1.0279184361507367"
"Globale A2–M2–R2 1";"Soddisfatta nel dominio esplorato";"1.2357417505453263";"1.1000000000000001";"0.89015362596155378";"0.010392392991518395";"4.7161496084759236";"5.5895871084759232";"96";"3.3435546875000002";"3.4139257812500006";"0.25546391424824488";"37.05714146709574";"Terreno granulare";"4.0463619651858496";"0";"3.3786426820841129";"1.8527314412323601";"0";"0";"0";"24.79128089714489";"0";"4.0463619651858496";"2.4383124539455818";"3.9543387391347613";"1.8264308284051356";"1.4780036586116325";"1.0232714575360895"
"Globale A2–M2–R2 1";"Soddisfatta nel dominio esplorato";"1.2357417505453263";"1.1000000000000001";"0.89015362596155378";"0.010392392991518395";"4.7161496084759236";"5.5895871084759232";"97";"3.4139257812500006";"3.4842968750000001";"0.30948464181523061";"37.966518390354409";"Terreno granulare";"3.9779315813075304";"0";"3.4490087825638636";"1.879739978313886";"0";"0";"0";"24.79128089714489";"0";"3.9779315813075304";"2.4471540503125215";"3.9063955509023609";"1.8042868182997076";"1.4600840487128361";"1.0183125414395491"
"Globale A2–M2–R2 1";"Soddisfatta nel dominio esplorato";"1.2357417505453263";"1.1000000000000001";"0.89015362596155378";"0.010392392991518395";"4.7161496084759236";"5.5895871084759232";"98";"3.4842968750000001";"3.5546679687500005";"0.36531391720571005";"38.887301625568938";"Terreno granulare";"3.90721005088339";"0";"3.5193745164459473";"1.9076525805305107";"0";"0";"0";"24.79128089714489";"0";"3.90721005088339";"2.4528341637866689";"3.8569536793193167";"1.7814505960055398";"1.4416042795506383";"1.0130300687388454"
"Globale A2–M2–R2 1";"Soddisfatta nel dominio esplorato";"1.2357417505453263";"1.1000000000000001";"0.89015362596155378";"0.010392392991518395";"4.7161496084759236";"5.5895871084759232";"99";"3.5546679687500005";"3.6250390625";"0.42302229673734804";"39.820178732560088";"Terreno granulare";"3.8341079659600981";"0";"3.5897398396878897";"1.9365044948461021";"0";"0";"0";"24.79128089714489";"0";"3.8341079659600981";"2.4552089970129156";"3.8059008491521964";"1.7578703038136367";"1.4225223862816789";"1.0074114166201111"
"Globale A2–M2–R2 1";"Soddisfatta nel dominio esplorato";"1.2357417505453263";"1.1000000000000001";"0.89015362596155378";"0.010392392991518395";"4.7161496084759236";"5.5895871084759232";"100";"3.6250390625";"3.6954101562500004";"0.48268662464230161";"40.765896772435731";"Terreno granulare";"3.7585279479694824";"0";"3.6601047010868442";"1.9663341061946058";"0";"0";"0";"24.79128089714489";"0";"3.7585279479694824";"2.454125044625123";"3.7531128166719179";"1.733488556003653";"1.4027919306268268";"1.0014428373358535"
"Globale A2–M2–R2 1";"Soddisfatta nel dominio esplorato";"1.2357417505453263";"1.1000000000000001";"0.89015362596155378";"0.010392392991518395";"4.7161496084759236";"5.5895871084759232";"101";"3.6954101562500004";"3.7657812499999999";"0.54439082176352294";"41.725270023499192";"Terreno granulare";"3.6803636474886399";"0";"3.7304690407707994";"1.9971833303979534";"0";"0";"0";"24.79128089714489";"0";"3.6803636474886399";"2.4494179256276709";"3.6984516014778248";"1.7082416221584196";"1.3823613399843304";"0.99510931710395845"
"Globale A2–M2–R2 1";"Soddisfatta nel dominio esplorato";"1.2357417505453263";"1.1000000000000001";"0.89015362596155378";"0.010392392991518395";"4.7161496084759236";"5.5895871084759232";"102";"3.7657812499999999";"3.8361523437500002";"0.60822680834157605";"42.699189019639668";"Terreno granulare";"3.5994985738415473";"0";"3.8008327882941861";"2.0290980737136883";"0";"0";"0";"24.79128089714489";"0";"3.5994985738415473";"2.4409110247936505";"3.6417633828347733";"1.6820584555236626";"1.3611731211487992";"0.98839441101735537"
"Globale A2–M2–R2 1";"Soddisfatta nel dominio esplorato";"1.2357417505453263";"1.1000000000000001";"0.89015362596155378";"0.010392392991518395";"4.7161496084759236";"5.5895871084759232";"103";"3.8361523437500002";"3.9065234375000006";"0.67429558989188099";"43.688631199459572";"Terreno granulare";"3.5158047177100893";"0";"3.8711958602119387";"2.0621287733680984";"0";"0";"0";"24.79128089714489";"0";"3.5158047177100893";"2.4284139026336979";"3.5828759813215876";"1.6548595298312503";"1.3391629190330177";"0.98128004877613484"
"Globale A2–M2–R2 1";"Soddisfatta nel dominio esplorato";"1.2357417505453263";"1.1000000000000001";"0.89015362596155378";"0.010392392991518395";"4.7161496084759236";"5.5895871084759232";"104";"3.9065234375000006";"3.9768945312500001";"0.74270854290653565";"44.694673531654367";"Terreno granulare";"3.4291409200966592";"0";"3.9415581569582585";"2.0963310372388162";"0";"0";"0";"24.79128089714489";"0";"3.4291409200966592";"2.4117204228662681";"3.5215958239327696";"1.6265554375397171";"1.3162583823213279";"0.97374630467023304"
"Globale A2–M2–R2 1";"Soddisfatta nel dominio esplorato";"1.2357417505453263";"1.1000000000000001";"0.89015362596155378";"0.010392392991518395";"4.7161496084759236";"5.5895871084759232";"105";"3.9768945312500001";"4.0472656250000005";"0.8135889473341571";"45.71850758434168";"Terreno granulare";"3.3393509279821108";"0";"4.0119195587872056";"2.1317664058734795";"0";"0";"0";"24.79128089714489";"0";"3.3393509279821108";"2.3906065323112791";"3.4577042603868979";"1.5970451884099932";"1.2923777866250983";"0.96577112341251992"
"Globale A2–M2–R2 1";"Soddisfatta nel dominio esplorato";"1.2357417505453263";"1.1000000000000001";"0.89015362596155378";"0.010392392991518395";"4.7161496084759236";"5.5895871084759232";"106";"4.0472656250000005";"4.11763671875";"0.88707382644206634";"46.761457642655749";"Terreno granulare";"3.2462610596618555";"0";"4.082279920430528";"2.1685032667258985";"0";"0";"0";"24.79128089714489";"0";"3.2462610596618555";"2.364827609467604";"3.3909530571991886";"1.5662141283066686";"1.2674283503130865";"0.9573299909799271"
"Globale A2–M2–R2 1";"Soddisfatta nel dominio esplorato";"1.2357417505453263";"1.1000000000000001";"0.89015362596155378";"0.010392392991518395";"4.7161496084759236";"5.5895871084759232";"107";"4.11763671875";"4.1880078124999995";"0.96331617311618345";"47.825002663754525";"Terreno granulare";"3.14967737926795";"0";"4.1526390639762401";"2.2066179595171778";"0";"0";"0";"24.79128089714489";"0";"3.14967737926795";"2.3341152728731549";"3.321058839534198";"1.5339313719997241";"1.241304157056123";"0.94839553631928863"
"Globale A2–M2–R2 1";"Soddisfatta nel dominio esplorato";"1.2357417505453263";"1.1000000000000001";"0.89015362596155378";"0.010392392991518395";"4.7161496084759236";"5.5895871084759232";"108";"4.1880078124999995";"4.2583789062500008";"1.0424876669142562";"48.910803111664983";"Terreno granulare";"3.0493822478286714";"0";"4.2229967692399688";"2.2461961239487453";"0";"0";"0";"24.79128089714489";"0";"3.0493822478286714";"2.2981735059783315";"3.2476961722169522";"1.5000466074204595";"1.2138835697333175";"0.93893704525540422"
"Globale A2–M2–R2 1";"Soddisfatta nel dominio esplorato";"1.2357417505453263";"1.1000000000000001";"0.89015362596155378";"0.010392392991518395";"4.7161496084759236";"5.5895871084759232";"109";"4.2583789062500008";"4.3287500000000003";"1.12478202125624";"50.020734066339891";"Terreno granulare";"2.9451300735630865";"0";"4.2933527605412047";"2.2873343580341681";"0";"0";"0";"24.79128089714489";"0";"2.9451300735630865";"2.2566739076705677";"3.1704888603461061";"1.4643860775868274";"1.1850259788832105";"0.92891986166498675"
"Globale A2–M2–R2 1";"Soddisfatta nel dominio esplorato";"1.2357417505453263";"1.1000000000000001";"0.89015362596155378";"0.010392392991518395";"4.7161496084759236";"5.5895871084759232";"110";"4.3287500000000003";"4.3991210937500007";"1.2104191495680374";"51.156926497872512";"Terreno granulare";"2.8366420211257126";"0";"4.3637066882242204";"2.3301422792282755";"0";"0";"0";"24.79128089714489";"0";"2.8366420211257126";"2.2092498106521883";"3.0889988909628654";"1.4267474729790928";"1.1545676694580211";"0.9183046421365042"
"Globale A2–M2–R2 1";"Soddisfatta nel dominio esplorato";"1.2357417505453263";"1.1000000000000001";"0.89015362596155378";"0.010392392991518395";"4.7161496084759236";"5.5895871084759232";"111";"4.3991210937500007";"4.4694921875000002";"1.2996504100528186";"52.321819309287946";"Terreno granulare";"2.7235993491785555";"0";"4.4340581023297823";"2.3747451146167085";"0";"0";"0";"24.79128089714489";"0";"2.7235993491785555";"2.155488914139549";"3.0027122054100595";"1.3868933600739781";"1.1223165029925948";"0.90704641765913507"
"Globale A2–M2–R2 1";"Soddisfatta nel dominio esplorato";"1.2357417505453263";"1.1000000000000001";"0.89015362596155378";"0.010392392991518395";"4.7161496084759236";"5.5895871084759232";"112";"4.4694921875000002";"4.5398632812499997";"1.3927652922305396";"53.518225792656949";"Terreno granulare";"2.6056349136757979";"0";"4.5044064142574607";"2.4212869958499055";"0";"0";"0";"24.79128089714489";"0";"2.6056349136757979";"2.0949239378705977";"2.9110201475305373";"1.3445426126345439";"1.0880449835422363";"0.8950933973734938"
"Globale A2–M2–R2 1";"Soddisfatta nel dominio esplorato";"1.2357417505453263";"1.1000000000000001";"0.89015362596155378";"0.010392392991518395";"4.7161496084759236";"5.5895871084759232";"113";"4.5398632812499997";"4.6102343750000001";"1.4901000626017873";"54.749419696831247";"Terreno granulare";"2.4823221773373012";"0";"4.574750839545934";"2.4699352075050163";"0";"0";"0";"24.79128089714489";"0";"2.4823221773373012";"2.0270205969270942";"2.8131949099947602";"1.2993590708546876";"1.0514810803157595";"0.88238542182700197"
"Globale A2–M2–R2 1";"Soddisfatta nel dominio esplorato";"1.2357417505453263";"1.1000000000000001";"0.89015362596155378";"0.010392392991518395";"4.7161496084759236";"5.5895871084759232";"114";"4.6102343750000001";"4.6806054687499996";"1.5920491219786475";"56.019248476594058";"Terreno granulare";"2.3531607652124724";"0";"4.6450903100296221";"2.5208857475799751";"0";"0";"0";"24.79128089714489";"0";"2.3531607652124724";"1.9511618810713474";"2.7083564885799949";"1.2509362781945037";"1.0122958762560803";"0.86885193110093362"
"Globale A2–M2–R2 1";"Soddisfatta nel dominio esplorato";"1.2357417505453263";"1.1000000000000001";"0.89015362596155378";"0.010392392991518395";"4.7161496084759236";"5.5895871084759232";"115";"4.6806054687499996";"4.7509765625000009";"1.6990801950617791";"57.332285007635384";"Terreno granulare";"2.2175571353194208";"0";"4.7154233345223737";"2.5743707282858197";"0";"0";"0";"24.79128089714489";"0";"2.2175571353194208";"1.866627128946432";"2.5954273578400344";"1.1987765469688505";"0.97008662727453909";"0.85440924733293833"
"Globale A2–M2–R2 1";"Soddisfatta nel dominio esplorato";"1.2357417505453263";"1.1000000000000001";"0.89015362596155378";"0.010392392991518395";"4.7161496084759236";"5.5895871084759232";"116";"4.7509765625000009";"4.8213476562500004";"1.8117550658363286";"58.694035042604696";"Terreno granulare";"2.0747981735166805";"0";"4.7857477693115698";"2.6306684124285411";"0";"0";"0";"24.79128089714489";"0";"2.0747981735166805";"1.7725635937684541";"2.4730689501466179";"1.1422616192733239";"0.92435302017533183";"0.83895686506988598"
"Globale A2–M2–R2 1";"Soddisfatta nel dominio esplorato";"1.2357417505453263";"1.1000000000000001";"0.89015362596155378";"0.010392392991518395";"4.7161496084759236";"5.5895871084759232";"117";"4.8213476562500004";"4.8917187500000008";"1.9307585602388846";"60.111227673352161";"Terreno granulare";"1.9240142537587699";"0";"4.8560604226809083";"2.6901171118893266";"0";"0";"0";"24.79128089714489";"0";"1.9240142537587699";"1.667946876428166";"2.3395903934914548";"1.0806105147806031";"0.8744630618037591";"0.82237226615018466"
"Globale A2–M2–R2 1";"Soddisfatta nel dominio esplorato";"1.2357417505453263";"1.1000000000000001";"0.89015362596155378";"0.010392392991518395";"4.7161496084759236";"5.5895871084759232";"118";"4.8917187500000008";"4.9620898437500003";"2.056940187950294";"61.592233377505039";"Terreno granulare";"1.7641261046947199";"0";"4.9263563355013291";"2.7531348866418699";"0";"0";"0";"24.79128089714489";"0";"1.7641261046947199";"1.5515243169873725";"2.1928135438578971";"1.0128171918632112";"0.81960263252112364";"0.80450346981669418"
"Globale A2–M2–R2 1";"Soddisfatta nel dominio esplorato";"1.2357417505453263";"1.1000000000000001";"0.89015362596155378";"0.010392392991518395";"4.7161496084759236";"5.5895871084759232";"119";"4.9620898437500003";"5.0324609374999998";"2.1913759530457306";"63.147685615361659";"Terreno granulare";"1.5937658275529405";"0";"4.9966273824019227";"2.8202481766255012";"0";"0";"0";"24.79128089714489";"0";"1.5937658275529405";"1.4217312978664587";"2.0298664462901019";"0.93755515134766332";"0.75869828864641431";"0.78515797453856961"
"Globale A2–M2–R2 1";"Soddisfatta nel dominio esplorato";"1.2357417505453263";"1.1000000000000001";"0.89015362596155378";"0.010392392991518395";"4.7161496084759236";"5.5895871084759232";"120";"5.0324609374999998";"5.1028320312500011";"2.3354637622489882";"64.791441973662089";"Terreno granulare";"1.4111547475182824";"0";"5.0668593130309016";"2.8921344847264119";"0";"0";"0";"24.79128089714489";"0";"1.4111547475182824";"1.2765625012020436";"1.8468540474950021";"0.85302534518015138";"0.69029418549928878";"0.76408568908426489"
"Globale A2–M2–R2 1";"Soddisfatta nel dominio esplorato";"1.2357417505453263";"1.1000000000000001";"0.89015362596155378";"0.010392392991518395";"4.7161496084759236";"5.5895871084759232";"121";"5.1028320312500011";"5.1732031250000006";"2.4910779233329352";"66.542143324840865";"Terreno granulare";"1.213905086898563";"0";"5.1370247647614962";"2.9696872216174928";"0";"0";"0";"24.79128089714489";"0";"1.213905086898563";"1.1133640095372397";"1.638306188003378";"0.75670121492702391";"0.61234575476073028";"0.74095129212565736"
"Globale A2–M2–R2 1";"Soddisfatta nel dominio esplorato";"1.2357417505453263";"1.1000000000000001";"0.89015362596155378";"0.010392392991518395";"4.7161496084759236";"5.5895871084759232";"122";"5.1732031250000006";"5.2435742187500001";"2.6608348569223539";"68.425900097503941";"Terreno granulare";"0.99867756785115802";"0";"5.2070640573317171";"3.0541128409493568";"0";"0";"0";"24.79128089714489";"0";"0.99867756785115802";"0.92847634681184332";"1.3961920086029249";"0.64487346560584247";"0.52185132154130365";"0.71528669530952782"
"Globale A2–M2–R2 1";"Soddisfatta nel dominio esplorato";"1.2357417505453263";"1.1000000000000001";"0.89015362596155378";"0.010392392991518395";"4.7161496084759236";"5.5895871084759232";"123";"5.2435742187500001";"5.3139453124999996";"2.848587221241905";"70.481296748300977";"Terreno granulare";"0.76054096001617966";"0";"5.2768190222304812";"3.1470488660736362";"0";"0";"0";"24.79128089714489";"0";"0.76054096001617966";"0.7165704884324241";"1.1080099538180457";"0.51176787608130681";"0.41413820958583486";"0.68640264231874726"
"Globale A2–M2–R2 1";"Soddisfatta nel dominio esplorato";"1.2357417505453263";"1.1000000000000001";"0.89015362596155378";"0.010392392991518395";"4.7161496084759236";"5.5895871084759232";"124";"5.3139453124999996";"5.3843164062500009";"3.060445640129656";"72.769758780042395";"Terreno granulare";"0.49163498830034019";"0";"5.345697165727513";"3.2503889576238167";"0";"0";"0";"24.79128089714489";"0";"0.49163498830034019";"0.46926945561780725";"0.75264931791134992";"0.34763382904120488";"0.28131592129811583";"0.65320591755089707"
"Globale A2–M2–R2 1";"Soddisfatta nel dominio esplorato";"1.2357417505453263";"1.1000000000000001";"0.89015362596155378";"0.010392392991518395";"4.7161496084759236";"5.5895871084759232";"125";"5.3843164062500009";"5.4546875000000004";"3.3072430076989932";"75.400604136525786";"Terreno granulare";"0.17788685626043674";"0";"5.4081866468584048";"3.3579810057827815";"0";"0";"0";"24.79128089714489";"0";"0.17788685626043674";"0.17178310882838013";"0.28983201763417588";"0.13386767472069103";"0.10832981459242268";"0.61375847193309196"
"Globale A2–M2–R2 2";"Soddisfatta nel dominio esplorato";"1.1276527719549543";"1.1000000000000001";"0.97547758260105721";"0.01039239299151884";"4.7161496084759191";"5.5895871084759197";"1";"-2.9898437500000004";"-2.9194726562500004";"-0.022200210364946571";"-32.036518902821513";"Terreno granulare";"0.028043795894674553";"0";"-2.9429940731331752";"-0.014719405378628004";"0";"0";"0";"24.79128089714489";"0";"0.028043795894674553";"-0.014817582344946812";"0.044483114960135281";"0.02054587071730174";"0.018220032999770319";"0.63043687295295625"
"Globale A2–M2–R2 2";"Soddisfatta nel dominio esplorato";"1.1276527719549543";"1.1000000000000001";"0.97547758260105721";"0.01039239299151884";"4.7161496084759191";"5.5895871084759197";"2";"-2.9194726562500004";"-2.8491015625000005";"-0.065514811139840035";"-31.189483775142261";"Terreno granulare";"0.082911588115060289";"0";"-2.8804703923588697";"-0.03388323324230582";"0";"0";"0";"24.79128089714489";"0";"0.082911588115060289";"-0.042880810318292217";"0.12887624131177763";"0.059525386090801581";"0.052786981570227015";"0.64334269273481082"
"Globale A2–M2–R2 2";"Soddisfatta nel dominio esplorato";"1.1276527719549543";"1.1000000000000001";"0.97547758260105721";"0.01039239299151884";"4.7161496084759191";"5.5895871084759197";"3";"-2.8491015625000005";"-2.7787304687500005";"-0.10741401775087844";"-30.349962940056709";"Terreno granulare";"0.13598639170562468";"0";"-2.8116652403824056";"-0.054337254021032261";"0";"0";"0";"24.79128089714489";"0";"0.13598639170562468";"-0.068656490595863109";"0.20729781633604846";"0.095746760051231339";"0.084908016396962382";"0.65599529271055357"
"Globale A2–M2–R2 2";"Soddisfatta nel dominio esplorato";"1.1276527719549543";"1.1000000000000001";"0.97547758260105721";"0.01039239299151884";"4.7161496084759191";"5.5895871084759197";"4";"-2.7787304687500005";"-2.7083593750000006";"-0.14793440694013693";"-29.517584243714346";"Terreno granulare";"0.18731454905815945";"0";"-2.7419648944046533";"-0.074386499660873545";"0";"0";"0";"24.79128089714489";"0";"0.18731454905815945";"-0.092235178400525322";"0.28024268119748524";"0.12943854994223244";"0.11478582163003193";"0.66840121660897212"
"Globale A2–M2–R2 2";"Soddisfatta nel dominio esplorato";"1.1276527719549543";"1.1000000000000001";"0.97547758260105721";"0.01039239299151884";"4.7161496084759191";"5.5895871084759197";"5";"-2.7083593750000006";"-2.6379882812500002";"-0.18711016234212341";"-28.691997062999747";"Terreno granulare";"0.23693937003231968";"0";"-2.6719663672527774";"-0.093858173461607464";"0";"0";"0";"24.79128089714489";"0";"0.23693937003231968";"-0.11370363901999392";"0.34815016926722775";"0.16080367515587818";"0.14260034574038338";"0.68056658002212089"
"Globale A2–M2–R2 2";"Soddisfatta nel dominio esplorato";"1.1276527719549543";"1.1000000000000001";"0.97547758260105721";"0.01039239299151884";"4.7161496084759191";"5.5895871084759197";"6";"-2.6379882812500002";"-2.5676171875000002";"-0.22497326689847075";"-27.872870431652679";"Terreno granulare";"0.2849013758410604";"0";"-2.6018323713123821";"-0.11271651977544039";"0";"0";"0";"24.79128089714489";"0";"0.2849013758410604";"-0.13314515274799879";"0.41141164902252131";"0.19002290104872041";"0.16851189104895062";"0.69249710482909654"
"Globale A2–M2–R2 2";"Soddisfatta nel dominio esplorato";"1.1276527719549543";"1.1000000000000001";"0.97547758260105721";"0.01039239299151884";"4.7161496084759191";"5.5895871084759197";"7";"-2.5676171875000002";"-2.4972460937500003";"-0.2615536748970877";"-27.059891363415488";"Terreno granulare";"0.33123851710336327";"0";"-2.531625466523534";"-0.13095662436082936";"0";"0";"0";"24.79128089714489";"0";"0.33123851710336327";"-0.15063978964729272";"0.47037686355088665";"0.21725776703334101";"0.19266371035180649";"0.70419814997454477"
"Globale A2–M2–R2 2";"Soddisfatta nel dominio esplorato";"1.1276527719549543";"1.1000000000000001";"0.97547758260105721";"0.01039239299151884";"4.7161496084759191";"5.5895871084759197";"8";"-2.4972460937500003";"-2.4268750000000003";"-0.29687946618399152";"-26.252763347169019";"Terreno granulare";"0.37598636929591023";"0";"-2.4613748410282503";"-0.14858324999619371";"0";"0";"0";"24.79128089714489";"0";"0.37598636929591023";"-0.16626465784108485";"0.52535928512847796";"0.2426530597521569";"0.21518420012525807";"0.71567473905778933"
"Globale A2–M2–R2 2";"Soddisfatta nel dominio esplorato";"1.1276527719549543";"1.1000000000000001";"0.97547758260105721";"0.01039239299151884";"4.7161496084759191";"5.5895871084759197";"9";"-2.4268750000000003";"-2.3565039062500004";"-0.33097698472517223";"-25.451204992674384";"Terreno granulare";"0.41917830836495873";"0";"-2.3910959449142477";"-0.16560466074038624";"0";"0";"0";"24.79128089714489";"0";"0.41917830836495873";"-0.18009412851175577";"0.57664065909935924";"0.26633891180535862";"0.23618876167317035";"0.72693158512211564"
"Globale A2–M2–R2 2";"Soddisfatta nel dominio esplorato";"1.1276527719549543";"1.1000000000000001";"0.97547758260105721";"0.01039239299151884";"4.7161496084759191";"5.5895871084759197";"10";"-2.3565039062500004";"-2.2861328125000004";"-0.36387096338582836";"-24.654948808590699";"Terreno granulare";"0.46084566886633477";"0";"-2.3207977219011831";"-0.18203038413719652";"0";"0";"0";"24.79128089714489";"0";"0.46084566886633477";"-0.19220004034345273";"0.62447487687792513";"0.28843259061410276";"0.25578138748691392";"0.73797311297828672"
"Globale A2–M2–R2 2";"Soddisfatta nel dominio esplorato";"1.1276527719549543";"1.1000000000000001";"0.97547758260105721";"0.01039239299151884";"4.7161496084759191";"5.5895871084759197";"11";"-2.2861328125000004";"-2.2157617187500005";"-0.39558463653411646";"-23.863740096998196";"Terreno granulare";"0.50101788667143166";"0";"-2.2504857080900385";"-0.19787028192770745";"0";"0";"0";"24.79128089714489";"0";"0.50101788667143166";"-0.20265188577309048";"0.66909129095722819";"0.30904002955727189";"0.27405601905407895";"0.74880347934981473"
"Globale A2–M2–R2 2";"Soddisfatta nel dominio esplorato";"1.1276527719549543";"1.1000000000000001";"0.97547758260105721";"0.01039239299151884";"4.7161496084759191";"5.5895871084759197";"12";"-2.2157617187500005";"-2.1453906250000001";"-0.42613984185716536";"-23.077335950811307";"Terreno granulare";"0.5397226279988363";"0";"-2.1801635137776594";"-0.21313412967596915";"0";"0";"0";"24.79128089714489";"0";"0.5397226279988363";"-0.2115169810999159";"0.71069756357281511";"0.32825714371294079";"0.29109771365511572";"0.75942659108826194"
"Globale A2–M2–R2 2";"Soddisfatta nel dominio esplorato";"1.1276527719549543";"1.1000000000000001";"0.97547758260105721";"0.01039239299151884";"4.7161496084759191";"5.5895871084759197";"13";"-2.1453906250000001";"-2.0750195312500002";"-0.4555571125915483";"-22.295504342286907";"Terreno granulare";"0.5769859062958187";"0";"-2.1098335939201878";"-0.22783141786217684";"0";"0";"0";"24.79128089714489";"0";"0.5769859062958187";"-0.21886062223722261";"0.74948212383202961";"0.34617096475778775";"0.30698365078963868";"0.76984612167365052"
"Globale A2–M2–R2 2";"Soddisfatta nel dominio esplorato";"1.1276527719549543";"1.1000000000000001";"0.97547758260105721";"0.01039239299151884";"4.7161496084759191";"5.5895871084759197";"14";"-2.0750195312500002";"-2.0046484375000002";"-0.48385576121272766";"-21.518023292377627";"Terreno granulare";"0.61283218829405062";"0";"-2.0394976761322914";"-0.24197125763102822";"0";"0";"0";"24.79128089714489";"0";"0.61283218829405062";"-0.22474622766294425";"0.78561629468453387";"0.36286062337269759";"0.3217840033715561";"0.78006552618684533"
"Globale A2–M2–R2 2";"Soddisfatta nel dominio esplorato";"1.1276527719549543";"1.1000000000000001";"0.97547758260105721";"0.01039239299151884";"4.7161496084759191";"5.5895871084759197";"15";"-2.0046484375000002";"-1.9342773437500003";"-0.51105395549362864";"-20.744680111994391";"Terreno granulare";"0.64728449039333513";"0";"-1.9691570115659529";"-0.25556233905859493";"0";"0";"0";"24.79128089714489";"0";"0.64728449039333513";"-0.22923546993201549";"0.81925614033177896";"0.37839820252464512";"0.33556269441756914";"0.79008805491674505"
"Globale A2–M2–R2 2";"Soddisfatta nel dominio esplorato";"1.1276527719549543";"1.1000000000000001";"0.97547758260105721";"0.01039239299151884";"4.7161496084759191";"5.5895871084759197";"16";"-1.9342773437500003";"-1.8639062500000003";"-0.53716878772756971";"-19.975270707364938";"Terreno granulare";"0.68036446638160664";"0";"-1.8988125286662667";"-0.26861291689039768";"0";"0";"0";"24.79128089714489";"0";"0.68036446638160664";"-0.23238839694744734";"0.85054407598062665";"0.39284948098004502";"0.34837805639317665";"0.7999167657445464"
"Globale A2–M2–R2 2";"Soddisfatta nel dominio esplorato";"1.1276527719549543";"1.1000000000000001";"0.97547758260105721";"0.01039239299151884";"4.7161496084759191";"5.5895871084759197";"17";"-1.8639062500000003";"-1.7935351562500002";"-0.56221633781208968";"-19.20959894263639";"Terreno granulare";"0.71209248737417996";"0";"-1.8284649310118444";"-0.28113081099224563";"0";"0";"0";"24.79128089714489";"0";"0.71209248737417996";"-0.2342635440442791";"0.87961027479910459";"0.40627458314977893";"0.36028340749381688";"0.80955453542970013"
"Globale A2–M2–R2 2";"Soddisfatta nel dominio esplorato";"1.1276527719549543";"1.1000000000000001";"0.97547758260105721";"0.01039239299151884";"4.7161496084759191";"5.5895871084759197";"18";"-1.7935351562500002";"-1.7231640625000002";"-0.58621173080535183";"-18.447476053696192";"Terreno granulare";"0.74248771474763697";"0";"-1.7581147616081203";"-0.29312341470523745";"0";"0";"0";"24.79128089714489";"0";"0.74248771474763697";"-0.23491803781756715";"0.90657390119192061";"0.41872854871475562";"0.37132755678756257";"0.81900406990698627"
"Globale A2–M2–R2 2";"Soddisfatta nel dominio esplorato";"1.1276527719549543";"1.1000000000000001";"0.97547758260105721";"0.01039239299151884";"4.7161496084759191";"5.5895871084759197";"19";"-1.7231640625000002";"-1.6527929687500003";"-0.60916918949339038";"-17.688720107897204";"Terreno granulare";"0.77156816675073703";"0";"-1.6877624463284087";"-0.30459770733652786";"0";"0";"0";"24.79128089714489";"0";"0.77156816675073703";"-0.23440769251921095";"0.93154419481541673";"0.43026183331097118";"0.38155524822153197";"0.82826791369101005"
"Globale A2–M2–R2 2";"Soddisfatta nel dominio esplorato";"1.1276527719549543";"1.1000000000000001";"0.97547758260105721";"0.01039239299151884";"4.7161496084759191";"5.5895871084759197";"20";"-1.6527929687500003";"-1.5824218750000003";"-0.63110208244295674";"-16.933155504987997";"Terreno granulare";"0.79935077939407273";"0";"-1.6174083239890353";"-0.31556026864235548";"0";"0";"0";"24.79128089714489";"0";"0.79935077939407273";"-0.23278709975617906";"0.95462142588968246";"0.44092074976927403";"0.39100755191234277";"0.83734845847305228"
"Globale A2–M2–R2 2";"Soddisfatta nel dominio esplorato";"1.1276527719549543";"1.1000000000000001";"0.97547758260105721";"0.01039239299151884";"4.7161496084759191";"5.5895871084759197";"21";"-1.5824218750000003";"-1.5120507812500004";"-0.65202296795948378";"-16.180612515081702";"Terreno granulare";"0.82585146215033012";"0";"-1.5470526676231859";"-0.32601729406150393";"0";"0";"0";"24.79128089714489";"0";"0.82585146215033012";"-0.23010971214261464";"0.9758977391776833";"0.45074785793262612";"0.39972220983520262";"0.84624795098532957"
"Globale A2–M2–R2 2";"Soddisfatta nel dominio esplorato";"1.1276527719549543";"1.1000000000000001";"0.97547758260105721";"0.01039239299151884";"4.7161496084759191";"5.5895871084759197";"22";"-1.5120507812500004";"-1.4416796875000002";"-0.67194363432160209";"-15.430926849959343";"Terreno granulare";"0.85108514893588494";"0";"-1.4766956998195691";"-0.33597460997354789";"0";"0";"0";"24.79128089714489";"0";"0.85108514893588494";"-0.22642792148846216";"0.99545790135856049";"0.45978230985304386";"0.4077339419437977";"0.85496850019911286"
"Globale A2–M2–R2 2";"Soddisfatta nel dominio esplorato";"1.1276527719549543";"1.1000000000000001";"0.97547758260105721";"0.01039239299151884";"4.7161496084759191";"5.5895871084759197";"23";"-1.4416796875000002";"-1.3713085937500002";"-0.69087513662155065";"-14.6839392644059";"Terreno granulare";"0.8750658447912214";"0";"-1.4063376039728763";"-0.34543768855934748";"0";"0";"0";"24.79128089714489";"0";"0.8750658447912214";"-0.22179313204633883";"1.0133799643233725";"0.46806015615477803";"0.41507471785248745";"0.86351208391562917"
"Globale A2–M2–R2 2";"Soddisfatta nel dominio esplorato";"1.1276527719549543";"1.1000000000000001";"0.97547758260105721";"0.01039239299151884";"4.7161496084759191";"5.5895871084759197";"24";"-1.3713085937500002";"-1.3009375000000003";"-0.70882783050401343";"-13.939495184628393";"Terreno granulare";"0.89780666863096614";"0";"-1.3359785326642686";"-0.35441166202279006";"0";"0";"0";"24.79128089714489";"0";"0.89780666863096614";"-0.21625582928507286";"1.0297358550848468";"0.47561461850195663";"0.42177399846001157";"0.87188055480207582"
"Globale A2–M2–R2 2";"Soddisfatta nel dominio esplorato";"1.1276527719549543";"1.1000000000000001";"0.97547758260105721";"0.01039239299151884";"4.7161496084759191";"5.5895871084759197";"25";"-1.3009375000000003";"-1.2305664062500001";"-0.72581140306349035";"-13.197444361111517";"Terreno granulare";"0.91931989239314993";"0";"-1.2656186139923313";"-0.36290133604310093";"0";"0";"0";"24.79128089714489";"0";"0.91931989239314993";"-0.2098656446115785";"1.0445919014528229";"0.48247633239767229";"0.42785895126318679";"0.88007564591928755"
"Globale A2–M2–R2 2";"Soddisfatta nel dominio esplorato";"1.1276527719549543";"1.1000000000000001";"0.97547758260105721";"0.01039239299151884";"4.7161496084759191";"5.5895871084759197";"26";"-1.2305664062500001";"-1.1601953125000002";"-0.74183490113178596";"-12.457640543535073";"Terreno granulare";"0.93961697688127033";"0";"-1.1952579564175738";"-0.37091120239461606";"0";"0";"0";"24.79128089714489";"0";"0.93961697688127033";"-0.20267141642175901";"1.0580093013319776";"0.48867356394331601";"0.43335464257860823";"0.88809897578248365"
"Globale A2–M2–R2 2";"Soddisfatta nel dominio esplorato";"1.1276527719549543";"1.1000000000000001";"0.97547758260105721";"0.01039239299151884";"4.7161496084759191";"5.5895871084759197";"27";"-1.1601953125000002";"-1.0898242187500002";"-0.75690675716194455";"-11.719941175612245";"Terreno granulare";"0.95870860456067675";"0";"-1.1248966525136046";"-0.37844545071234603";"0";"0";"0";"24.79128089714489";"0";"0.95870860456067675";"-0.19472124782504918";"1.0700445424050236";"0.49423240368194427";"0.43828420944252072";"0.89595205299200997"
"Globale A2–M2–R2 2";"Soddisfatta nel dominio esplorato";"1.1276527719549543";"1.1000000000000001";"0.97547758260105721";"0.01039239299151884";"4.7161496084759191";"5.5895871084759197";"28";"-1.0898242187500002";"-1.0194531250000001";"-0.77103481289261033";"-10.984207107914418";"Terreno granulare";"0.97660470954235667";"0";"-1.054534781903788";"-0.38550797940682663";"0";"0";"0";"24.79128089714489";"0";"0.97660470954235667";"-0.18606256135544294";"1.0807497780386355";"0.49917694022178755";"0.44266901357976524";"0.90363628046698918"
"Globale A2–M2–R2 2";"Soddisfatta nel dominio esplorato";"1.1276527719549543";"1.1000000000000001";"0.97547758260105721";"0.01039239299151884";"4.7161496084759191";"5.5895871084759197";"29";"-1.0194531250000001";"-0.94908203125000012";"-0.78422634095687194";"-10.250302326929479";"Terreno granulare";"0.99331450496213802";"0";"-0.98417241358398788";"-0.39210240574668609";"0";"0";"0";"24.79128089714489";"0";"0.99331450496213802";"-0.17674215095391602";"1.0901731644629828";"0.50352941597280743";"0.44652877951061487";"0.91115295931123275"
"Globale A2–M2–R2 2";"Soddisfatta nel dominio esplorato";"1.1276527719549543";"1.1000000000000001";"0.97547758260105721";"0.01039239299151884";"4.7161496084759191";"5.5895871084759197";"30";"-0.94908203125000012";"-0.87871093750000018";"-0.79648806458193722";"-9.518093698759996";"Terreno granulare";"1.0088465079407716";"0";"-0.91380960777766229";"-0.39823207513577286";"0";"0";"0";"24.79128089714489";"0";"1.0088465079407716";"-0.16680623148246967";"1.0983591636054524";"0.50731036701960008";"0.44988171858975873";"0.91850329233759165"
"Globale A2–M2–R2 2";"Soddisfatta nel dominio esplorato";"1.1276527719549543";"1.1000000000000001";"0.97547758260105721";"0.01039239299151884";"4.7161496084759191";"5.5895871084759197";"31";"-0.87871093750000018";"-0.80833984375000023";"-0.80782617551007174";"-8.787450726007938";"Terreno granulare";"1.0232085622901195";"0";"-0.84344641743128945";"-0.40390006961593344";"0";"0";"0";"24.79128089714489";"0";"1.0232085622901195";"-0.15630048600824867";"1.105348815386141";"0.51053874888929807";"0.45274464053700059";"0.92568838727408698"
"Globale A2–M2–R2 2";"Soddisfatta nel dominio esplorato";"1.1276527719549543";"1.1000000000000001";"0.97547758260105721";"0.01039239299151884";"4.7161496084759191";"5.5895871084759197";"32";"-0.80833984375000023";"-0.73796875000000028";"-0.81824635025701387";"-8.058245316516027";"Terreno granulare";"1.0364078591128172";"0";"-0.77308288943076198";"-0.40910921562810959";"0";"0";"0";"24.79128089714489";"0";"1.0364078591128172";"-0.14527011107703966";"1.1111799827918625";"0.51323204974640435";"0.45513305381818914";"0.93270925967260609"
"Globale A2–M2–R2 2";"Soddisfatta nel dominio esplorato";"1.1276527719549543";"1.1000000000000001";"0.97547758260105721";"0.01039239299151884";"4.7161496084759191";"5.5895871084759197";"33";"-0.73796875000000028";"-0.66759765624999989";"-0.82775376481117657";"-7.3303515627441262";"Terreno granulare";"1.0484509554263073";"0";"-0.70271906559964425";"-0.41386209106429811";"0";"0";"0";"24.79128089714489";"0";"1.0484509554263073";"-0.13375986017851205";"1.1158875726230093";"0.51540639235140195";"0.45706125606188869";"0.93956683553865084"
"Globale A2–M2–R2 2";"Soddisfatta nel dominio esplorato";"1.1276527719549543";"1.1000000000000001";"0.97547758260105721";"0.01039239299151884";"4.7161496084759191";"5.5895871084759197";"34";"-0.66759765624999989";"-0.59722656249999995";"-0.83635310786538142";"-6.603645530654525";"Terreno granulare";"1.0593437909274359";"0";"-0.63235498352575092";"-0.4181610316417067";"0";"0";"0";"24.79128089714489";"0";"1.0593437909274359";"-0.12181408559068381";"1.1195037344436161";"0.51707662595185044";"0.45854241554820196";"0.94626195369854738"
"Globale A2–M2–R2 2";"Soddisfatta nel dominio esplorato";"1.1276527719549543";"1.1000000000000001";"0.97547758260105721";"0.01039239299151884";"4.7161496084759191";"5.5895871084759197";"35";"-0.59722656249999995";"-0.52685546875000044";"-0.84404859266222587";"-5.8780050570632634";"Terreno granulare";"1.0690917030005829";"0";"-0.56199067725187146";"-0.42200813662857911";"0";"0";"0";"24.79128089714489";"0";"1.0690917030005829";"-0.10947677877804106";"1.1220580399503814";"0.5182564091293892";"0.45958864467731003";"0.95279536791863217"
"Globale A2–M2–R2 2";"Soddisfatta nel dominio esplorato";"1.1276527719549543";"1.1000000000000001";"0.97547758260105721";"0.01039239299151884";"4.7161496084759191";"5.5895871084759197";"36";"-0.52685546875000044";"-0.45648437500000005";"-0.85084396752460201";"-5.1533095544877545";"Terreno granulare";"1.0776994400597264";"0";"-0.49162617785853335";"-0.42540527394888006";"0";"0";"0";"24.79128089714489";"0";"1.0776994400597264";"-0.096791609506234805";"1.1235776447030761";"0.51895828449981329";"0.46021106621333596";"0.95916774878920474"
"Globale A2–M2–R2 2";"Soddisfatta nel dominio esplorato";"1.1276527719549543";"1.1000000000000001";"0.97547758260105721";"0.01039239299151884";"4.7161496084759191";"5.5895871084759197";"37";"-0.45648437500000005";"-0.38611328125000011";"-0.85674252513398308";"-4.4294398225844676";"Terreno granulare";"1.0851711733038691";"0";"-0.42126151396077216";"-0.42835408469054381";"0";"0";"0";"24.79128089714489";"0";"1.0851711733038691";"-0.083801963826329512";"1.1240874339216211";"0.51919374605385893";"0.46041987300200499";"0.96537968538445063"
"Globale A2–M2–R2 2";"Soddisfatta nel dominio esplorato";"1.1276527719549543";"1.1000000000000001";"0.97547758260105721";"0.01039239299151884";"4.7161496084759191";"5.5895871084759197";"38";"-0.38611328125000011";"-0.31574218750000016";"-0.86174711061094822";"-3.7062778653253488";"Terreno granulare";"1.091510506955069";"0";"-0.35089671213637519";"-0.43085598703937816";"0";"0";"0";"24.79128089714489";"0";"1.091510506955069";"-0.070550981072914382";"1.123610153848186";"0.51897329983075746";"0.46022438177581904";"0.97143168670808044"
"Globale A2–M2–R2 2";"Soddisfatta nel dominio esplorato";"1.1276527719549543";"1.1000000000000001";"0.97547758260105721";"0.01039239299151884";"4.7161496084759191";"5.5895871084759197";"39";"-0.31574218750000016";"-0.24537109374999977";"-0.8658601284448082";"-2.9837067131089063";"Terreno granulare";"1.0967204870380627";"0";"-0.28053179729968308";"-0.43291217965806761";"0";"0";"0";"24.79128089714489";"0";"1.0967204870380627";"-0.057081590012883432";"1.1221665299907666";"0.5183065185326059";"0.45963308158596039";"0.97732418293306844"
"Globale A2–M2–R2 2";"Soddisfatta nel dominio esplorato";"1.1276527719549543";"1.1000000000000001";"0.97547758260105721";"0.01039239299151884";"4.7161496084759191";"5.5895871084759197";"40";"-0.24537109374999977";"-0.17500000000000027";"-0.86908354831211554";"-2.2616102490420258";"Terreno granulare";"1.1008036087521975";"0";"-0.21016679303245503";"-0.43452364452706876";"0";"0";"0";"24.79128089714489";"0";"1.1008036087521975";"-0.043436544275421173";"1.1197753734063542";"0.51720209061445777";"0.45865367733527651";"0.98305752644260735"
"Globale A2–M2–R2 2";"Soddisfatta nel dominio esplorato";"1.1276527719549543";"1.1000000000000001";"0.97547758260105721";"0.01039239299151884";"4.7161496084759191";"5.5895871084759197";"41";"-0.17500000000000027";"-0.10462890625000032";"-0.87141890981716053";"-1.5398730386619683";"Terreno granulare";"1.1037618224776309";"0";"-0.13980172188134421";"-0.43569114926156782";"0";"0";"0";"24.79128089714489";"0";"1.1037618224776309";"-0.029658457188385751";"1.1164536760413157";"0.51566786432016065";"0.45729312882916384";"0.98863199267820301"
"Globale A2–M2–R2 2";"Soddisfatta nel dominio esplorato";"1.1276527719549543";"1.1000000000000001";"0.97547758260105721";"0.01039239299151884";"4.7161496084759191";"5.5895871084759197";"42";"-0.10462890625000032";"-0.034257812500000373";"-0.87286732618121832";"-0.81838016239550682";"Terreno granulare";"1.1055965384493791";"0";"-0.069436605630079223";"-0.43641524891608369";"0";"0";"0";"24.79128089714489";"0";"1.1055965384493791";"-0.015789836141937155";"1.1122166960223421";"0.51371088707655632";"0.45555768571025801";"0.99404778079969591"
"Globale A2–M2–R2 2";"Soddisfatta nel dominio esplorato";"1.1276527719549543";"1.1000000000000001";"0.97547758260105721";"0.01039239299151884";"4.7161496084759191";"5.5895871084759197";"43";"-0.034257812500000373";"0";"-0.87336974665008782";"-0.28210682361441547";"Terreno granulare";"0.53854987161208823";"0";"-0.017128354884093613";"-0.43668050035574868";"0";"0";"0";"24.79128089714489";"0";"0.53854987161208823";"-0.0026515903495993591";"0.53964471903481515";"0.24925121904120837";"0.22103543328244049";"0.99797116994921198"
"Globale A2–M2–R2 2";"Soddisfatta nel dominio esplorato";"1.1276527719549543";"1.1000000000000001";"0.97547758260105721";"0.01039239299151884";"4.7161496084759191";"5.5895871084759197";"44";"0";"0.036113281250000018";"-0.87343224552250032";"0.078562006749387472";"Terreno granulare";"0.56775875851384527";"0.4062744140625002";"0.018056541173822521";"-0.16070797710922394";"0";"0";"0";"24.79128089714489";"0";"0.97403317257634547";"0.001335543113333815";"0.97348735621793003";"0.44963454973209516";"0.39873493056961729";"1.000560681507499"
"Globale A2–M2–R2 2";"Soddisfatta nel dominio esplorato";"1.1276527719549543";"1.1000000000000001";"0.97547758260105721";"0.01039239299151884";"4.7161496084759191";"5.5895871084759197";"45";"0.036113281250000018";"0.10648437499999996";"-0.87310565939291607";"0.62433068316292051";"Terreno granulare";"1.1058984362708324";"0.79167480468749929";"0.071295826267894241";"-0.16053971998374231";"0";"0";"0";"24.79128089714489";"0";"1.8975732409583317";"0.020675717727432041";"1.889253458791343";"0.87260879440049066";"0.77382756119837592";"1.0044037406036093"
"Globale A2–M2–R2 2";"Soddisfatta nel dominio esplorato";"1.1276527719549543";"1.1000000000000001";"0.97547758260105721";"0.01039239299151884";"4.7161496084759191";"5.5895871084759197";"46";"0.10648437499999996";"0.17685546874999991";"-0.8718956896270269";"1.345777400223628";"Terreno granulare";"1.1043657617591167";"0.79167480468749929";"0.1416634450497268";"-0.15996429211231794";"0";"0";"0";"24.79128089714489";"0";"1.896040566446616";"0.044528376617490928";"1.8784881003013485";"0.86763648830279383";"0.7694181310782543";"1.0093439325713331"
"Globale A2–M2–R2 2";"Soddisfatta nel dominio esplorato";"1.1276527719549543";"1.1000000000000001";"0.97547758260105721";"0.01039239299151884";"4.7161496084759191";"5.5895871084759197";"47";"0.17685546874999991";"0.24722656249999986";"-0.86979900176300884";"2.0674376053392942";"Terreno granulare";"1.1017098771128602";"0.79167480468749929";"0.21203104921375648";"-0.1589672792649994";"0";"0";"0";"24.79128089714489";"0";"1.8933846818003595";"0.068301922045560737";"1.8670122248081222";"0.86233600845863312";"0.76471767720097472";"1.0141254870438503"
"Globale A2–M2–R2 2";"Soddisfatta nel dominio esplorato";"1.1276527719549543";"1.1000000000000001";"0.97547758260105721";"0.01039239299151884";"4.7161496084759191";"5.5895871084759197";"48";"0.24722656249999986";"0.3175976562499998";"-0.86681459677731176";"2.7894261078954399";"Terreno granulare";"1.0979295167634349";"0.79167480468749929";"0.28239863079885769";"-0.15754839005361856";"0";"0";"0";"24.79128089714489";"0";"1.8896043214509342";"0.091953869301538288";"1.8548295590009667";"0.85670907615206626";"0.75972772599745686";"1.0187482252917608"
"Globale A2–M2–R2 2";"Soddisfatta nel dominio esplorato";"1.1276527719549543";"1.1000000000000001";"0.97547758260105721";"0.01039239299151884";"4.7161496084759191";"5.5895871084759197";"49";"0.3175976562499998";"0.38796874999999975";"-0.86294105007914101";"3.5118581874785821";"Terreno granulare";"1.0930228760307015";"0.79167480468749929";"0.35276618168300944";"-0.1557072111973673";"0";"0";"0";"24.79128089714489";"0";"1.8846976807182008";"0.11544163691573599";"1.841942704756437";"0.85075689313839697";"0.75444934318166312";"1.0232118924499432"
"Globale A2–M2–R2 2";"Soddisfatta nel dominio esplorato";"1.1276527719549543";"1.1000000000000001";"0.97547758260105721";"0.01039239299151884";"4.7161496084759191";"5.5895871084759197";"50";"0.38796874999999975";"0.45833984375000014";"-0.85817650810020751";"4.2348497607979123";"Terreno granulare";"1.0869876068023165";"0.7916748046875044";"0.42313369352357694";"-0.15344320892854957";"0";"0";"0";"24.79128089714489";"0";"1.8786624114898209";"0.13872251240224887";"1.8283531590822841";"0.84448015085588757";"0.74888314191952476";"1.0275161569074482"
"Globale A2–M2–R2 2";"Soddisfatta nel dominio esplorato";"1.1276527719549543";"1.1000000000000001";"0.97547758260105721";"0.01039239299151884";"4.7161496084759191";"5.5895871084759197";"51";"0.45833984375000014";"0.52871093750000009";"-0.85251868383938856";"4.9585175511588835";"Terreno granulare";"1.0798208118888784";"0.79167480468749929";"0.49350115769429748";"-0.15075573090074598";"0";"0";"0";"24.79128089714489";"0";"1.8714956165763776";"0.16175361756145964";"1.8140613292044825";"0.83787903739415859";"0.74302928900850418";"1.0316606095104193"
"Globale A2–M2–R2 2";"Soddisfatta nel dominio esplorato";"1.1276527719549543";"1.1000000000000001";"0.97547758260105721";"0.01039239299151884";"4.7161496084759191";"5.5895871084759197";"52";"0.52871093750000009";"0.59908203124999959";"-0.84596485133717803";"5.6829792611854471";"Terreno granulare";"1.07151903802324";"0.7916748046874944";"0.56386856521796946";"-0.14764400866918612";"0";"0";"0";"24.79128089714489";"0";"1.8631938427107344";"0.18449187322185043";"1.7990665429338417";"0.83095324228232226";"0.73688750912370027";"1.0356447625735492"
"Globale A2–M2–R2 2";"Soddisfatta nel dominio esplorato";"1.1276527719549543";"1.1000000000000001";"0.97547758260105721";"0.01039239299151884";"4.7161496084759191";"5.5895871084759197";"53";"0.59908203124999959";"0.66945312499999998";"-0.83851183904857063";"6.4083537495134806";"Terreno granulare";"1.0620782674640423";"0.7916748046875044";"0.63423590669372676";"-0.14410716083397343";"0";"0";"0";"24.79128089714489";"0";"1.8537530721515467";"0.20689396329715784";"1.7833670544080704";"0.82370195914112754";"0.73045708716976532";"1.0394680486944616"
"Globale A2–M2–R2 2";"Soddisfatta nel dominio esplorato";"1.1276527719549543";"1.1000000000000001";"0.97547758260105721";"0.01039239299151884";"4.7161496084759191";"5.5895871084759197";"54";"0.66945312499999998";"0.73982421874999993";"-0.8301560220764248";"7.1347612122096864";"Terreno granulare";"1.0514939081554397";"0.79167480468749929";"0.70460317221763735";"-0.14014419696102598";"0";"0";"0";"24.79128089714489";"0";"1.843168712842939";"0.22891629802988891";"1.7669600452667722";"0.81612388622566734";"0.72373686876217658";"1.0431298193642295"
"Globale A2–M2–R2 2";"Soddisfatta nel dominio esplorato";"1.1276527719549543";"1.1000000000000001";"0.97547758260105721";"0.01039239299151884";"4.7161496084759191";"5.5895871084759197";"55";"0.73982421874999993";"0.80000000000000004";"-0.82159486411081684";"7.8095775864248989";"Terreno granulare";"0.88989196379464464";"0.67697753906250124";"0.76988349833122172";"-0.13609053624797848";"0";"0";"0";"24.79128089714489";"0";"1.5668695028571458";"0.21290006355630819";"1.4974173298368088";"0.69162743877639365";"0.61333369276196104";"1.0463813070921959"
"Globale A2–M2–R2 2";"Soddisfatta nel dominio esplorato";"1.1276527719549543";"1.1000000000000001";"0.97547758260105721";"0.01039239299151884";"4.7161496084759191";"5.5895871084759197";"56";"0.80000000000000004";"0.81019531249999988";"-0.8166550679779192";"8.1737829244757592";"Terreno granulare";"0.14986881859168644";"0.14068336486816133";"0.80524884334968649";"-0.075472327476957798";"0";"0";"0";"24.79128089714489";"0";"0.29055218345984779";"0.041317412665151355";"0.27722437553862372";"0.12804445427452024";"0.11354954065561873";"1.0480758876102769"
"Globale A2–M2–R2 2";"Soddisfatta nel dominio esplorato";"1.1276527719549543";"1.1000000000000001";"0.97547758260105721";"0.01039239299151884";"4.7161496084759191";"5.5895871084759197";"57";"0.81019531249999988";"0.88056640625000027";"-0.81071915278906648";"8.591163660105849";"Terreno granulare";"1.0268731138823122";"2.3884251594543584";"0.84960924416604144";"0.39535229186992293";"0";"0";"0";"24.79128089714489";"0";"3.4152982733366706";"0.51277058701262257";"3.2527709542805874";"1.5023905488528744";"1.3323166370160704";"1.0499658049522977"
"Globale A2–M2–R2 2";"Soddisfatta nel dominio esplorato";"1.1276527719549543";"1.1000000000000001";"0.97547758260105721";"0.01039239299151884";"4.7161496084759191";"5.5895871084759197";"58";"0.88056640625000027";"0.95000000000000018";"-0.7997054172636231";"9.3165382791096683";"Terreno granulare";"0.99942883854010278";"4.7833914756774867";"0.91768085131503052";"1.0947206857535587";"0";"0";"0";"24.79128089714489";"0";"5.7828203142175898";"0.93865361176542184";"5.4911433330785382";"2.53625046520937";"2.2491413387938572";"1.0531177140072079"
"Globale A2–M2–R2 2";"Soddisfatta nel dominio esplorato";"1.1276527719549543";"1.1000000000000001";"0.97547758260105721";"0.01039239299151884";"4.7161496084759191";"5.5895871084759197";"59";"0.95000000000000018";"0.95093750000000021";"-0.79381776767376699";"9.6822210225733336";"Terreno granulare";"0.013395674714073626";"0.080859375000003064";"0.95046874776274981";"1.4234309993025891";"0";"0";"0";"24.79128089714489";"0";"0.094255049714076694";"0.015852144681604275";"0.089371545412155862";"0.041278948641280837";"0.036606080939008932";"1.0546427196642905"
"Globale A2–M2–R2 2";"Soddisfatta nel dominio esplorato";"1.1276527719549543";"1.1000000000000001";"0.97547758260105721";"0.01039239299151884";"4.7161496084759191";"5.5895871084759197";"60";"0.95093750000000021";"1.0213085937499997";"-0.78761580570302403";"10.053182191718012";"Terreno granulare";"0.9976079617154231";"6.0695068359374567";"0.98610993370947564";"1.4259064347831274";"0";"0";"0";"24.79128089714489";"0";"7.0671147976528799";"1.2336345666536195";"6.6914194159331872";"3.0906342408397713";"2.7407676526894851";"1.0561458426630843"
"Globale A2–M2–R2 2";"Soddisfatta nel dominio esplorato";"1.1276527719549543";"1.1000000000000001";"0.97547758260105721";"0.01039239299151884";"4.7161496084759191";"5.5895871084759197";"61";"1.0213085937499997";"1.0916796875000001";"-0.7746750269352658";"10.78661774429994";"Terreno granulare";"0.98121579296920103";"6.069506835937533";"1.0564800158209779";"1.4310373213523826";"0";"0";"0";"24.79128089714489";"0";"7.0507226289067342";"1.319538193244832";"6.6579857283360706";"3.0751918820124136";"2.7270734028180588";"1.0589873449111185"
"Globale A2–M2–R2 2";"Soddisfatta nel dominio esplorato";"1.1276527719549543";"1.1000000000000001";"0.97547758260105721";"0.01039239299151884";"4.7161496084759191";"5.5895871084759197";"62";"1.0916796875000001";"1.1620507812499996";"-0.76079958224087019";"11.521846498754782";"Terreno granulare";"0.96363967315226995";"6.0695068359374567";"1.1268500834359887";"1.4365318556992974";"0";"0";"0";"24.79128089714489";"0";"7.0331465090897263";"1.4047925822980722";"6.6246592132013022";"3.059799024025045";"2.7134230501827501";"1.061661631601277"
"Globale A2–M2–R2 2";"Soddisfatta nel dominio esplorato";"1.1276527719549543";"1.1000000000000001";"0.97547758260105721";"0.01039239299151884";"4.7161496084759191";"5.5895871084759197";"63";"1.1620507812499996";"1.2000000000000002";"-0.74947958019868821";"12.089011370498925";"Terreno granulare";"0.51195111818053296";"3.273120117187549";"1.1810207518003033";"1.4409992486993242";"0";"0";"0";"24.79128089714489";"0";"3.7850712353680818";"0.79270823448020766";"3.5587182807246278";"1.6437015658771248";"1.4576309363630819";"1.0636051906298589"
"Globale A2–M2–R2 2";"Soddisfatta nel dominio esplorato";"1.1276527719549543";"1.1000000000000001";"0.97547758260105721";"0.01039239299151884";"4.7161496084759191";"5.5895871084759197";"64";"1.2000000000000002";"1.232421875";"-0.7418248950335693";"12.45811600310329";"Terreno granulare";"2.1837007105288109";"0.36474609374999795";"1.2162065056839177";"1.3088429629034906";"0.42148437499999769";"0";"0";"24.79128089714489";"0";"2.9699311792788063";"0.64068896828003041";"2.7891547200696118";"1.2882553827549643";"1.1424220423114657";"1.0648140663938079"
"Globale A2–M2–R2 2";"Soddisfatta nel dominio esplorato";"1.1276527719549543";"1.1000000000000001";"0.97547758260105721";"0.01039239299151884";"4.7161496084759191";"5.5895871084759197";"65";"1.232421875";"1.3027929687500004";"-0.73021563950274526";"12.998227536043677";"Terreno granulare";"4.7249378345546615";"0.7916748046875044";"1.2675855487819216";"1.314306482750816";"0.91482421875000508";"0";"0";"24.79128089714489";"0";"6.4314368579921712";"1.446543054591706";"6.0303953070539453";"2.7853202830779606";"2.4700159059150737";"1.0665033601477361"
"Globale A2–M2–R2 2";"Soddisfatta nel dominio esplorato";"1.1276527719549543";"1.1000000000000001";"0.97547758260105721";"0.01039239299151884";"4.7161496084759191";"5.5895871084759197";"66";"1.3027929687500004";"1.3731640624999999";"-0.71349118353152186";"13.739659711102663";"Terreno granulare";"4.7037528373607662";"0.7916748046874944";"1.337955257747852";"1.3221554613171824";"0.91482421874999353";"0";"0";"24.79128089714489";"0";"6.4102518607982546";"1.5224798246897022";"5.9983569998522741";"2.7705224228481491";"2.4568931959835787";"1.0686679470655256"
"Globale A2–M2–R2 2";"Soddisfatta nel dominio esplorato";"1.1276527719549543";"1.1000000000000001";"0.97547758260105721";"0.01039239299151884";"4.7161496084759191";"5.5895871084759197";"67";"1.3731640624999999";"1.4435351562500003";"-0.69580010160099004";"14.483445421980727";"Terreno granulare";"4.681343401295238";"0.7916748046875044";"1.4083249380046667";"1.3304537616631427";"0.91482421875000508";"0";"0";"24.79128089714489";"0";"6.3878424247327477";"1.5975769255614185";"5.9662682900199071";"2.755701282640417";"2.4437498414188243";"1.0706596006448503"
"Globale A2–M2–R2 2";"Soddisfatta nel dominio esplorato";"1.1276527719549543";"1.1000000000000001";"0.97547758260105721";"0.01039239299151884";"4.7161496084759191";"5.5895871084759197";"68";"1.4435351562500003";"1.5139062499999998";"-0.67713288152038675";"15.229733811342303";"Terreno granulare";"4.657697476001939";"0.7916748046874944";"1.4786945873063264";"1.3392050532020938";"0.91482421874999353";"0";"0";"24.79128089714489";"0";"6.3641964994394264";"1.6717849449722371";"5.9341121158295795";"2.740848981980502";"2.4305788538335533";"1.0724766191158694"
"Globale A2–M2–R2 2";"Soddisfatta nel dominio esplorato";"1.1276527719549543";"1.1000000000000001";"0.97547758260105721";"0.01039239299151884";"4.7161496084759191";"5.5895871084759197";"69";"1.5139062499999998";"1.5842773437499993";"-0.65747935040548278";"15.978678256608584";"Terreno granulare";"4.6328021741035545";"0.7916748046874944";"1.5490642032698181";"1.3484132433117901";"0.91482421874999353";"0";"0";"24.79128089714489";"0";"6.339301197541042";"1.7450536333940005";"5.9018711373178805";"2.7259575118823687";"2.4173731308765505";"1.0741171825079787"
"Globale A2–M2–R2 2";"Soddisfatta nel dominio esplorato";"1.1276527719549543";"1.1000000000000001";"0.97547758260105721";"0.01039239299151884";"4.7161496084759191";"5.5895871084759197";"70";"1.5842773437499993";"1.6546484375000006";"-0.63682864450491383";"16.730436710944176";"Terreno granulare";"4.606643732968843";"0.79167480468751439";"1.6194337833609154";"1.3580824854112015";"0.91482421875001663";"0";"0";"24.79128089714489";"0";"6.313142756406374";"1.8173318403062659";"5.8695276852777853";"2.711018711288872";"2.4041254353402746";"1.0755793472516169"
"Globale A2–M2–R2 2";"Soddisfatta nel dominio esplorato";"1.1276527719549543";"1.1000000000000001";"0.97547758260105721";"0.01039239299151884";"4.7161496084759191";"5.5895871084759197";"71";"1.6546484375000006";"1.7250195312500001";"-0.61516917625000556";"17.485172068017274";"Terreno granulare";"4.5792074729617456";"0.7916748046874944";"1.6898033248783981";"1.3682171876230509";"0.91482421874999353";"0";"0";"24.79128089714489";"0";"6.285706496399234";"1.8885674465521665";"5.837063707630592";"2.696024242302014";"2.390828373195105";"1.0768610402833443"
"Globale A2–M2–R2 2";"Soddisfatta nel dominio esplorato";"1.1276527719549543";"1.1000000000000001";"0.97547758260105721";"0.01039239299151884";"4.7161496084759191";"5.5895871084759197";"72";"1.7250195312500001";"1.7953906250000005";"-0.59248859827599265";"18.243052553102149";"Terreno granulare";"4.5504777518540136";"0.7916748046875044";"1.7601728249365429";"1.378822022049214";"0.91482421875000508";"0";"0";"24.79128089714489";"0";"6.2569767752915233";"1.9587072923392987";"5.8044607127575318";"2.6809655640089343";"2.3774743703782866";"1.0779600526090931"
"Globale A2–M2–R2 2";"Soddisfatta nel dominio esplorato";"1.1276527719549543";"1.1000000000000001";"0.97547758260105721";"0.01039239299151884";"4.7161496084759191";"5.5895871084759197";"73";"1.7953906250000005";"1.86576171875";"-0.5687737641312598";"19.004252143388058";"Terreno granulare";"4.5204379150381468";"0.7916748046874944";"1.8305422804456148";"1.3899019346867234";"0.91482421874999353";"0";"0";"24.79128089714489";"0";"6.2269369384756352";"2.0276971004287585";"5.7716997093216316";"2.6658339046868229";"2.3640556481453081";"1.0788740322748893"
"Globale A2–M2–R2 2";"Soddisfatta nel dominio esplorato";"1.1276527719549543";"1.1000000000000001";"0.97547758260105721";"0.01039239299151884";"4.7161496084759191";"5.5895871084759197";"74";"1.86576171875";"1.9361328124999995";"-0.54401068535562924";"19.768951020697177";"Terreno granulare";"4.4890702411415093";"0.7916748046874944";"1.9009116880900947";"1.401462156012262";"0.91482421874999353";"0";"0";"24.79128089714489";"0";"6.1955692645789977";"2.095481394007749";"5.738761142071632";"2.6506202321520167";"2.3505641967755473";"1.0796004766879812"
"Globale A2–M2–R2 2";"Soddisfatta nel dominio esplorato";"1.1276527719549543";"1.1000000000000001";"0.97547758260105721";"0.01039239299151884";"4.7161496084759191";"5.5895871084759197";"75";"1.9361328124999995";"2.0065039062499999";"-0.51818448456812405";"20.537336060202026";"Terreno granulare";"4.4563558825815459";"0.7916748046875044";"1.9712810443043065";"1.4135082122625675";"0.91482421875000508";"0";"0";"24.79128089714489";"0";"6.1628549060190556";"2.1620034086785282";"5.705624823048514";"2.6353152219856559";"2.3369917473948507";"1.0801367242240516"
"Globale A2–M2–R2 2";"Soddisfatta nel dominio esplorato";"1.1276527719549543";"1.1000000000000001";"0.97547758260105721";"0.01039239299151884";"4.7161496084759191";"5.5895871084759197";"76";"2.0065039062499999";"2.0768750000000002";"-0.49127934415831476";"21.309601359177954";"Terreno granulare";"4.4222748005499914";"0.7916748046875044";"2.0416503452450518";"1.4260459374369197";"0.91482421875000508";"0";"0";"24.79128089714489";"0";"6.1287738239875011";"2.227204997931961";"5.672269857554717";"2.6199092233403327";"2.3233297416529464";"1.0804799450478861"
"Globale A2–M2–R2 2";"Soddisfatta nel dominio esplorato";"1.1276527719549543";"1.1000000000000001";"0.97547758260105721";"0.01039239299151884";"4.7161496084759191";"5.5895871084759197";"77";"2.0768750000000002";"2.1472460937500006";"-0.46327845012207547";"22.085948810339012";"Terreno granulare";"4.3868056938436331";"0.7916748046875044";"2.1120195867608165";"1.4390814860455705";"0.91482421875000508";"0";"0";"24.79128089714489";"0";"6.0933047172811428";"2.2910265313956182";"5.6386745641615601";"2.6043922219930979";"2.3095692989589298";"1.080627131065363"
"Globale A2–M2–R2 2";"Soddisfatta nel dominio esplorato";"1.1276527719549543";"1.1000000000000001";"0.97547758260105721";"0.01039239299151884";"4.7161496084759191";"5.5895871084759197";"78";"2.1472460937500006";"2.2176171875000001";"-0.4341639305214855";"22.866588724897106";"Terreno granulare";"4.3499259208812857";"0.7916748046874944";"2.1823887643570137";"1.4526213466242601";"0.91482421874999353";"0";"0";"24.79128089714489";"0";"6.0564249443187741";"2.3534067850573299";"5.6048163879353217";"2.5887538002663071";"2.2957011809391612";"1.0805750849136762"
"Globale A2–M2–R2 2";"Soddisfatta nel dominio esplorato";"1.1276527719549543";"1.1000000000000001";"0.97547758260105721";"0.01039239299151884";"4.7161496084759191";"5.5895871084759197";"79";"2.2176171875000001";"2.2879882812499996";"-0.40391678797799901";"23.651740511168192";"Terreno granulare";"4.3116114141590964";"0.7916748046874944";"2.2527578731566495";"1.4666723560293717";"0.91482421874999353";"0";"0";"24.79128089714489";"0";"6.0181104375965848";"2.4142828225637296";"5.5706718059539728";"2.5729830933876681";"2.2817157527374476";"1.080320407884088"
"Globale A2–M2–R2 2";"Soddisfatta nel dominio esplorato";"1.1276527719549543";"1.1000000000000001";"0.97547758260105721";"0.01039239299151884";"4.7161496084759191";"5.5895871084759197";"80";"2.2879882812499996";"2.358359375";"-0.3725168255264224";"24.441633415342832";"Terreno granulare";"4.2718365862905774";"0.7916748046875044";"2.3231269078556731";"1.4812417145202743";"0.91482421875000508";"0";"0";"24.79128089714489";"0";"5.9783356097280871";"2.4735898665739313";"5.5362162240535575";"2.5570687417994358";"2.2676029407229459";"1.079859486656902"
"Globale A2–M2–R2 2";"Soddisfatta nel dominio esplorato";"1.1276527719549543";"1.1000000000000001";"0.97547758260105721";"0.01039239299151884";"4.7161496084759191";"5.5895871084759197";"81";"2.358359375";"2.4287304687499995";"-0.33994256506250053";"25.236507331961114";"Terreno granulare";"4.2305742266595256";"0.7916748046874944";"2.3934958626721454";"1.4963370016241515";"0.91482421874999353";"0";"0";"24.79128089714489";"0";"5.9370732500970131";"2.5312611590123328";"5.501423863592513";"2.540998838857095";"2.2533521861094656";"1.079188478711403"
"Globale A2–M2–R2 2";"Soddisfatta nel dominio esplorato";"1.1276527719549543";"1.1000000000000001";"0.97547758260105721";"0.01039239299151884";"4.7161496084759191";"5.5895871084759197";"82";"2.4287304687499995";"2.4991015625000008";"-0.30617115750664325";"26.036613692708372";"Terreno granulare";"4.1877953875738001";"0.79167480468751439";"2.4638647312882052";"1.5119661927631782";"0.91482421875001663";"0";"0";"24.79128089714489";"0";"5.8942944110113311";"2.5872278089051095";"5.4662676368413008";"2.5247608732742912";"2.2389523939157634";"1.0783032962537793"
"Globale A2–M2–R2 2";"Soddisfatta nel dominio esplorato";"1.1276527719549543";"1.1000000000000001";"0.97547758260105721";"0.01039239299151884";"4.7161496084759191";"5.5895871084759197";"83";"2.4991015625000008";"2.5694726562500003";"-0.27117828367752761";"26.842216443407352";"Terreno granulare";"4.143469258641888";"0.7916748046874944";"2.5342335067835884";"1.5281376766029378";"0.91482421874999353";"0";"0";"24.79128089714489";"0";"5.8499682820793755";"2.6414186262974328";"5.4307190093877997";"2.5083416655706112";"2.2243918766075721";"1.0771995884830059"
"Globale A2–M2–R2 2";"Soddisfatta nel dominio esplorato";"1.1276527719549543";"1.1000000000000001";"0.97547758260105721";"0.01039239299151884";"4.7161496084759191";"5.5895871084759197";"84";"2.5694726562500003";"2.6398437499999998";"-0.23493804471834334";"27.653593120560949";"Terreno granulare";"4.097563027909052";"0.7916748046874944";"2.6046021815592355";"1.5448602730527212";"0.91482421874999353";"0";"0";"24.79128089714489";"0";"5.8040620513465395";"2.6937599405349024";"5.3947478477042052";"2.4917272976657414";"2.2096582916618566";"1.07587272198765"
"Globale A2–M2–R2 2";"Soddisfatta nel dominio esplorato";"1.1276527719549543";"1.1000000000000001";"0.97547758260105721";"0.01039239299151884";"4.7161496084759191";"5.5895871084759197";"85";"2.6398437499999998";"2.7102148437500002";"-0.19742284074088801";"28.471036040541168";"Terreno granulare";"4.0500417280558354";"0.7916748046875044";"2.6749707472492115";"1.5621432518106027";"0.91482421875000508";"0";"0";"24.79128089714489";"0";"5.7565407514933451";"2.7441754009321615";"5.3583222497086611";"2.4749030346192455";"2.1947385721658201";"1.0743177590348052"
"Globale A2–M2–R2 2";"Soddisfatta nel dominio esplorato";"1.1276527719549543";"1.1000000000000001";"0.97547758260105721";"0.01039239299151884";"4.7161496084759191";"5.5895871084759197";"86";"2.7102148437500002";"2.7805859374999997";"-0.15860323614308669";"29.294853616578454";"Terreno granulare";"4.0008680657043394";"0.7916748046874944";"2.7453391946187748";"1.5799963512958239";"0.91482421874999353";"0";"0";"24.79128089714489";"0";"5.7073670891418278";"2.7925857575562172";"5.3214083558068639";"2.4578532373544131";"2.1796188494206046";"1.0725294334748423"
"Globale A2–M2–R2 2";"Soddisfatta nel dominio esplorato";"1.1276527719549543";"1.1000000000000001";"0.97547758260105721";"0.01039239299151884";"4.7161496084759191";"5.5895871084759197";"87";"2.7805859374999997";"2.8509570312500001";"-0.11844780980707448";"30.125371821148295";"Terreno granulare";"3.9500022315575984";"0.7916748046875044";"2.8157075134460241";"1.5984297977441133";"0.91482421875000508";"0";"0";"24.79128089714489";"0";"5.6565012549951081";"2.8389086194936337";"5.2839701374619743";"2.4405612650028918";"2.1642843663407265";"1.070502123941236"
"Globale A2–M2–R2 2";"Soddisfatta nel dominio esplorato";"1.1276527719549543";"1.1000000000000001";"0.97547758260105721";"0.01039239299151884";"4.7161496084759191";"5.5895871084759197";"88";"2.8509570312500001";"2.9213281249999996";"-0.076922988089351385";"30.962935814262689";"Terreno granulare";"3.8974016887222565";"0.7916748046874944";"2.8860756923838995";"1.617454324152662";"0.91482421874999353";"0";"0";"24.79128089714489";"0";"5.6039007121597439";"2.8830581875484369";"5.2459691598234066";"2.4230093652676152";"2.1487193802281594";"1.068229823971818"
"Globale A2–M2–R2 2";"Soddisfatta nel dominio esplorato";"1.1276527719549543";"1.1000000000000001";"0.97547758260105721";"0.01039239299151884";"4.7161496084759191";"5.5895871084759197";"89";"2.9213281249999996";"2.9916992187500009";"-0.033992858161282058";"31.807911761654744";"Terreno granulare";"3.8430209361206793";"0.79167480468751439";"2.956443718798667";"1.63708118864342";"0.91482421875001663";"0";"0";"24.79128089714489";"0";"5.5495199595582108";"2.9249449578174578";"5.2073643143252033";"2.4051785509152857";"2.1329070532461425";"1.0657061086146313"
"Globale A2–M2–R2 2";"Soddisfatta nel dominio esplorato";"1.1276527719549543";"1.1000000000000001";"0.97547758260105721";"0.01039239299151884";"4.7161496084759191";"5.5895871084759197";"90";"2.9916992187500009";"3";"-0.0093693315331027094";"32.283608424694997";"Terreno granulare";"0.44964197037975528";"0.093383789062490008";"2.995848611240151";"1.6483138681092013";"0.10791015624998845";"0";"0";"24.79128089714489";"0";"0.65093591569223375";"0.34767161637874783";"0.61167648678703024";"0.28252126744276512";"0.25053923908950482";"1.0641833219900647"
"Globale A2–M2–R2 2";"Soddisfatta nel dominio esplorato";"1.1276527719549543";"1.1000000000000001";"0.97547758260105721";"0.01039239299151884";"4.7161496084759191";"5.5895871084759197";"91";"3";"3.0620703125000004";"0.013044108913490504";"32.711236864131045";"Terreno granulare";"3.8399388042247997";"0";"3.03097515760934";"1.7315268931578458";"0.80691406250000508";"0";"0";"24.79128089714489";"0";"4.6468528667248048";"2.5111429199137971";"4.3724723721580867";"2.0195584808717379";"1.7909400225838421";"1.0627517960579576"
"Globale A2–M2–R2 2";"Soddisfatta nel dominio esplorato";"1.1276527719549543";"1.1000000000000001";"0.97547758260105721";"0.01039239299151884";"4.7161496084759191";"5.5895871084759197";"92";"3.0620703125000004";"3.1324414062499999";"0.056239954507598888";"33.521681679591971";"Terreno granulare";"4.2987262121158691";"0";"3.0971753057684843";"1.7531251511899395";"0.91482421874999353";"0";"0";"24.79128089714489";"0";"5.2135504308658627";"2.8791343197576378";"4.91901733082147";"2.271996784078568";"2.014801755100307";"1.059876410314498"
"Globale A2–M2–R2 2";"Soddisfatta nel dominio esplorato";"1.1276527719549543";"1.1000000000000001";"0.97547758260105721";"0.01039239299151884";"4.7161496084759191";"5.5895871084759197";"93";"3.1324414062499999";"3.2028125000000003";"0.10362817486296105";"34.391332632225563";"Terreno granulare";"4.2386980028217609";"0";"3.1675425378047524";"1.7768180430140721";"0.91482421875000508";"0";"0";"24.79128089714489";"0";"5.153522221571766";"2.910862705519103";"4.8776652564904213";"2.2528970790813037";"1.9978641786829208";"1.0565551243423845"
"Globale A2–M2–R2 2";"Soddisfatta nel dominio esplorato";"1.1276527719549543";"1.1000000000000001";"0.97547758260105721";"0.01039239299151884";"4.7161496084759191";"5.5895871084759197";"94";"3.2028125000000003";"3.2731835937499998";"0.15259334320871165";"35.270114997081961";"Terreno granulare";"4.1766721110749021";"0";"3.2379095286986157";"1.8012992841044002";"0.91482421874999353";"0";"0";"24.79128089714489";"0";"5.0914963298248956";"2.939926028624301";"4.8354509070327216";"2.2333991062628495";"1.9805734192369511";"1.0529517159236959"
"Globale A2–M2–R2 2";"Soddisfatta nel dominio esplorato";"1.1276527719549543";"1.1000000000000001";"0.97547758260105721";"0.01039239299151884";"4.7161496084759191";"5.5895871084759197";"95";"3.2731835937499998";"3.3435546875000002";"0.20318678840869886";"36.158536174590573";"Terreno granulare";"4.1125834992498236";"0";"3.3082762530943923";"1.8265945225640774";"0.91482421875000508";"0";"0";"24.79128089714489";"0";"5.0274077179998287";"2.9662104597975603";"4.7923112927757794";"2.2134737719396638";"1.9629036765477699";"1.0490570021147099"
"Globale A2–M2–R2 2";"Soddisfatta nel dominio esplorato";"1.1276527719549543";"1.1000000000000001";"0.97547758260105721";"0.01039239299151884";"4.7161496084759191";"5.5895871084759197";"96";"3.3435546875000002";"3.4139257812500006";"0.255463914248244";"37.057141467095754";"Terreno granulare";"4.0463619651858496";"0";"3.3786426820841129";"1.8527314412323601";"0.91482421875000508";"0";"0";"24.79128089714489";"0";"4.9611861839358546";"2.9895957817962708";"4.7481778409234563";"2.1930894036938988";"1.9448268635848349";"1.0448610709515824"
"Globale A2–M2–R2 2";"Soddisfatta nel dominio esplorato";"1.1276527719549543";"1.1000000000000001";"0.97547758260105721";"0.01039239299151884";"4.7161496084759191";"5.5895871084759197";"97";"3.4139257812500006";"3.4842968750000001";"0.30948464181523061";"37.96651839035443";"Terreno granulare";"3.9779315813075309";"0";"3.4490087825638631";"1.8797399783138857";"0.91482421874999353";"0";"0";"24.79128089714489";"0";"4.8927558000575244";"3.0099547191783933";"4.7029756713487512";"2.1722114158763697";"1.9263123098704553";"1.0403532023065616"
"Globale A2–M2–R2 2";"Soddisfatta nel dominio esplorato";"1.1276527719549543";"1.1000000000000001";"0.97547758260105721";"0.01039239299151884";"4.7161496084759191";"5.5895871084759197";"98";"3.4842968750000001";"3.5546679687500005";"0.36531391720570916";"38.887301625568959";"Terreno granulare";"3.9072100508833909";"0";"3.5193745164459469";"1.9076525805305102";"0.91482421875000508";"0";"0";"24.79128089714489";"0";"4.822034269633396";"3.027152173667738";"4.6566227543143315";"2.1508019205743327";"1.9073264164868737";"1.0355217770573775"
"Globale A2–M2–R2 2";"Soddisfatta nel dominio esplorato";"1.1276527719549543";"1.1000000000000001";"0.97547758260105721";"0.01039239299151884";"4.7161496084759191";"5.5895871084759197";"99";"3.5546679687500005";"3.6250390625";"0.42302229673734804";"39.820178732560116";"Terreno granulare";"3.834107965960099";"0";"3.5897398396878897";"1.9365044948461017";"0.91482421874999353";"0";"0";"24.79128089714489";"0";"4.7489321847100925";"3.041044347909168";"4.6090289261349442";"2.1288192729654258";"1.8878322528971396";"1.030354172390163"
"Globale A2–M2–R2 2";"Soddisfatta nel dominio esplorato";"1.1276527719549543";"1.1000000000000001";"0.97547758260105721";"0.01039239299151884";"4.7161496084759191";"5.5895871084759197";"100";"3.6250390625";"3.6954101562500004";"0.48268662464230161";"40.765896772435759";"Terreno granulare";"3.7585279479694824";"0";"3.6601047010868446";"1.9663341061946058";"0.91482421875000508";"0";"0";"24.79128089714489";"0";"4.6733521667194875";"3.0514777365365728";"4.5600947329299011";"2.106217537269818";"1.8677890833526491";"1.024836640557425"
"Globale A2–M2–R2 2";"Soddisfatta nel dominio esplorato";"1.1276527719549543";"1.1000000000000001";"0.97547758260105721";"0.01039239299151884";"4.7161496084759191";"5.5895871084759197";"101";"3.6954101562500004";"3.7657812499999999";"0.54439082176352294";"41.725270023499213";"Terreno granulare";"3.6803636474886399";"0";"3.7304690407707994";"1.9971833303979534";"0.91482421874999353";"0";"0";"24.79128089714489";"0";"4.5951878662386338";"3.0582879585543026";"4.5097100650400161";"2.0829458560144145";"1.847151807558028";"1.0189541677770495"
"Globale A2–M2–R2 2";"Soddisfatta nel dominio esplorato";"1.1276527719549543";"1.1000000000000001";"0.97547758260105721";"0.01039239299151884";"4.7161496084759191";"5.5895871084759197";"102";"3.7657812499999999";"3.8361523437500002";"0.60822680834157605";"42.699189019639697";"Terreno granulare";"3.5994985738415473";"0";"3.8008327882941861";"2.0290980737136883";"0.91482421875000508";"0";"0";"24.79128089714489";"0";"4.5143227925915523";"3.06129839873548";"4.457752534845973";"2.0589477007792474";"1.8258702962346773";"1.0126903091419663"
"Globale A2–M2–R2 2";"Soddisfatta nel dominio esplorato";"1.1276527719549543";"1.1000000000000001";"0.97547758260105721";"0.01039239299151884";"4.7161496084759191";"5.5895871084759197";"103";"3.8361523437500002";"3.9065234375000006";"0.67429558989188099";"43.688631199459607";"Terreno granulare";"3.5158047177100893";"0";"3.8711958602119387";"2.0621287733680984";"0.91482421875000508";"0";"0";"24.79128089714489";"0";"4.4306289364600939";"3.0603186175907173";"4.4040855377968988";"2.0341599766249421";"1.8038885969290195";"1.0060269943522653"
"Globale A2–M2–R2 2";"Soddisfatta nel dominio esplorato";"1.1276527719549543";"1.1000000000000001";"0.97547758260105721";"0.01039239299151884";"4.7161496084759191";"5.5895871084759197";"104";"3.9065234375000006";"3.9768945312500001";"0.74270854290653565";"44.694673531654402";"Terreno granulare";"3.4291409200966592";"0";"3.9415581569582585";"2.0963310372388162";"0.91482421874999353";"0";"0";"24.79128089714489";"0";"4.3439651388466523";"3.0551424788384693";"4.3485559193415853";"2.0085119444944035";"1.7811439784006813";"0.99894429769788318"
"Globale A2–M2–R2 2";"Soddisfatta nel dominio esplorato";"1.1276527719549543";"1.1000000000000001";"0.97547758260105721";"0.01039239299151884";"4.7161496084759191";"5.5895871084759197";"105";"3.9768945312500001";"4.0472656250000005";"0.81358894733415665";"45.718507584341715";"Terreno granulare";"3.3393509279821112";"0";"4.0119195587872056";"2.1317664058734791";"0.91482421875000508";"0";"0";"24.79128089714489";"0";"4.2541751467321163";"3.0455459292986786";"4.2909911475200477";"1.9819239152888002";"1.7575657725319465";"0.99142016389168997"
"Globale A2–M2–R2 2";"Soddisfatta nel dominio esplorato";"1.1276527719549543";"1.1000000000000001";"0.97547758260105721";"0.01039239299151884";"4.7161496084759191";"5.5895871084759197";"106";"4.0472656250000005";"4.11763671875";"0.88707382644206589";"46.761457642655778";"Terreno granulare";"3.2462610596618555";"0";"4.082279920430528";"2.1685032667258985";"0.91482421874999353";"0";"0";"24.79128089714489";"0";"4.1610852784118491";"3.0312843474701845";"4.2311958599245232";"1.9543056549771629";"1.7330739599824532";"0.98343007891061673"
"Globale A2–M2–R2 2";"Soddisfatta nel dominio esplorato";"1.1276527719549543";"1.1000000000000001";"0.97547758260105721";"0.01039239299151884";"4.7161496084759191";"5.5895871084759197";"107";"4.11763671875";"4.1880078124999995";"0.96331617311618301";"47.825002663754553";"Terreno granulare";"3.1496773792679496";"0";"4.1526390639762401";"2.2066179595171778";"0.91482421874999353";"0";"0";"24.79128089714489";"0";"4.0645015980179426";"3.0120893518909253";"4.1689476111800943";"1.9255544204418196";"1.7075774283812417";"0.97494667170149785"
"Globale A2–M2–R2 2";"Soddisfatta nel dominio esplorato";"1.1276527719549543";"1.1000000000000001";"0.97547758260105721";"0.01039239299151884";"4.7161496084759191";"5.5895871084759197";"108";"4.1880078124999995";"4.2583789062500008";"1.0424876669142571";"48.910803111665018";"Terreno granulare";"3.0493822478286701";"0";"4.2229967692399697";"2.2461961239487458";"0.91482421875001663";"0";"0";"24.79128089714489";"0";"3.9642064665786867";"2.9876649260113095";"4.1039915879810254";"1.8955525184582436";"1.6809718076354485";"0.96593922808913302"
"Globale A2–M2–R2 2";"Soddisfatta nel dominio esplorato";"1.1276527719549543";"1.1000000000000001";"0.97547758260105721";"0.01039239299151884";"4.7161496084759191";"5.5895871084759197";"109";"4.2583789062500008";"4.3287500000000003";"1.12478202125624";"50.020734066339919";"Terreno granulare";"2.9451300735630861";"0";"4.2933527605412047";"2.2873343580341676";"0.91482421874999353";"0";"0";"24.79128089714489";"0";"3.8599542923130796";"2.9576826687187179";"4.0360339754455685";"1.8641642417455795";"1.6531367528266461";"0.95637309195023557"
"Globale A2–M2–R2 2";"Soddisfatta nel dominio esplorato";"1.1276527719549543";"1.1000000000000001";"0.97547758260105721";"0.01039239299151884";"4.7161496084759191";"5.5895871084759197";"110";"4.3287500000000003";"4.3991210937500007";"1.2104191495680374";"51.156926497872547";"Terreno granulare";"2.8366420211257126";"0";"4.3637066882242204";"2.3301422792282755";"0.91482421875000508";"0";"0";"24.79128089714489";"0";"3.7514662398757177";"2.9217759127155385";"3.9647335393732686";"1.8312319809778355";"1.6239324963509127";"0.9462089198732726"
"Globale A2–M2–R2 2";"Soddisfatta nel dominio esplorato";"1.1276527719549543";"1.1000000000000001";"0.97547758260105721";"0.01039239299151884";"4.7161496084759191";"5.5895871084759197";"111";"4.3991210937500007";"4.4694921875000002";"1.2996504100528199";"52.321819309287996";"Terreno granulare";"2.7235993491785542";"0";"4.4340581023297823";"2.3747451146167089";"0.91482421874999353";"0";"0";"24.79128089714489";"0";"3.6384235679285477";"2.8795323572180784";"3.8896908154703165";"1.7965712315009617";"1.5931954198865113";"0.93540174284742295"
"Globale A2–M2–R2 2";"Soddisfatta nel dominio esplorato";"1.1276527719549543";"1.1000000000000001";"0.97547758260105721";"0.01039239299151884";"4.7161496084759191";"5.5895871084759197";"112";"4.4694921875000002";"4.5398632812499997";"1.3927652922305409";"53.518225792657006";"Terreno granulare";"2.605634913675797";"0";"4.5044064142574598";"2.4212869958499055";"0.91482421874999353";"0";"0";"24.79128089714489";"0";"3.5204591324257906";"2.830484721964317";"3.8104340391546003";"1.7599640945881772";"1.5607322913213939";"0.92389977001330148"
"Globale A2–M2–R2 2";"Soddisfatta nel dominio esplorato";"1.1276527719549543";"1.1000000000000001";"0.97547758260105721";"0.01039239299151884";"4.7161496084759191";"5.5895871084759197";"113";"4.5398632812499997";"4.6102343750000001";"1.4901000626017873";"54.749419696831268";"Terreno granulare";"2.4823221773373012";"0";"4.5747508395459322";"2.4699352075050158";"0.91482421875000508";"0";"0";"24.79128089714489";"0";"3.3971463960873063";"2.7740987220360136";"3.7264005593888521";"1.7211506928572207";"1.5263126519640875";"0.91164284191832956"
"Globale A2–M2–R2 2";"Soddisfatta nel dominio esplorato";"1.1276527719549543";"1.1000000000000001";"0.97547758260105721";"0.01039239299151884";"4.7161496084759191";"5.5895871084759197";"114";"4.6102343750000001";"4.6806054687499996";"1.5920491219786483";"56.019248476594086";"Terreno granulare";"2.3531607652124711";"0";"4.6450903100296221";"2.5208857475799751";"0.91482421874999353";"0";"0";"24.79128089714489";"0";"3.2679849839624646";"2.7097573471954464";"3.636911874699702";"1.6798176399014555";"1.4896585914378955";"0.8985603986437809"
"Globale A2–M2–R2 2";"Soddisfatta nel dominio esplorato";"1.1276527719549543";"1.1000000000000001";"0.97547758260105721";"0.01039239299151884";"4.7161496084759191";"5.5895871084759197";"115";"4.6806054687499996";"4.7509765625000009";"1.6990801950617813";"57.332285007635441";"Terreno granulare";"2.2175571353194181";"0";"4.7154233345223737";"2.5743707282858206";"0.91482421875001663";"0";"0";"24.79128089714489";"0";"3.1323813540694347";"2.6367399360857391";"3.5411394653233339";"1.6355822588339473";"1.4504307527204685";"0.88456876232730464"
"Globale A2–M2–R2 2";"Soddisfatta nel dominio esplorato";"1.1276527719549543";"1.1000000000000001";"0.97547758260105721";"0.01039239299151884";"4.7161496084759191";"5.5895871084759197";"116";"4.7509765625000009";"4.8213476562500004";"1.8117550658363295";"58.694035042604732";"Terreno granulare";"2.0747981735166787";"0";"4.7857477693115698";"2.630668412428542";"0.91482421874999353";"0";"0";"24.79128089714489";"0";"2.9896223922666723";"2.5541937419229321";"3.4380570127926569";"1.587970513460097";"1.4082087615561953";"0.86956742751577254"
"Globale A2–M2–R2 2";"Soddisfatta nel dominio esplorato";"1.1276527719549543";"1.1000000000000001";"0.97547758260105721";"0.01039239299151884";"4.7161496084759191";"5.5895871084759197";"117";"4.8213476562500004";"4.8917187500000008";"1.9307585602388859";"60.111227673352197";"Terreno granulare";"1.9240142537587688";"0";"4.8560604226809074";"2.690117111889327";"0.91482421875000508";"0";"0";"24.79128089714489";"0";"2.8388384725087739";"2.4610943655978437";"3.3263719102128415";"1.5363853742289548";"1.3624631734513468";"0.8534338760475908"
"Globale A2–M2–R2 2";"Soddisfatta nel dominio esplorato";"1.1276527719549543";"1.1000000000000001";"0.97547758260105721";"0.01039239299151884";"4.7161496084759191";"5.5895871084759197";"118";"4.8917187500000008";"4.9620898437500003";"2.0569401879502967";"61.592233377505103";"Terreno granulare";"1.7641261046947168";"0";"4.9263563355013291";"2.7531348866418712";"0.91482421874999353";"0";"0";"24.79128089714489";"0";"2.6789503234447105";"2.3561891471722292";"3.2044242167041288";"1.4800601472895076";"1.3125140859837578";"0.83601612716561979"
"Globale A2–M2–R2 2";"Soddisfatta nel dominio esplorato";"1.1276527719549543";"1.1000000000000001";"0.97547758260105721";"0.01039239299151884";"4.7161496084759191";"5.5895871084759197";"119";"4.9620898437500003";"5.0324609374999998";"2.1913759530457342";"63.147685615361731";"Terreno granulare";"1.5937658275529367";"0";"4.9966273824019236";"2.820248176625503";"0.91482421874999353";"0";"0";"24.79128089714489";"0";"2.5085900463029303";"2.2379134690665046";"3.0700324195683768";"1.4179872350869442";"1.2574679638561539";"0.81712167933901458"
"Globale A2–M2–R2 2";"Soddisfatta nel dominio esplorato";"1.1276527719549543";"1.1000000000000001";"0.97547758260105721";"0.01039239299151884";"4.7161496084759191";"5.5895871084759197";"120";"5.0324609374999998";"5.1028320312500011";"2.3354637622489895";"64.791441973662145";"Terreno granulare";"1.41115474751828";"0";"5.0668593130309016";"2.8921344847264123";"0.91482421875001663";"0";"0";"24.79128089714489";"0";"2.3259789662682966";"2.1042620134173013";"2.9202481826201807";"1.3488048594690212";"1.1961171851958177";"0.79650044133622966"
"Globale A2–M2–R2 2";"Soddisfatta nel dominio esplorato";"1.1276527719549543";"1.1000000000000001";"0.97547758260105721";"0.01039239299151884";"4.7161496084759191";"5.5895871084759197";"121";"5.1028320312500011";"5.1732031250000006";"2.4910779233329396";"66.54214332484095";"Terreno granulare";"1.2139050868985581";"0";"5.1370247647614962";"2.9696872216174945";"0.91482421874999353";"0";"0";"24.79128089714489";"0";"2.1287293056485517";"1.9525808627676642";"2.7509463516975066";"1.2706076933430195";"1.1267721101241399";"0.7738170918291416"
"Globale A2–M2–R2 2";"Soddisfatta nel dominio esplorato";"1.1276527719549543";"1.1000000000000001";"0.97547758260105721";"0.01039239299151884";"4.7161496084759191";"5.5895871084759197";"122";"5.1732031250000006";"5.2435742187500001";"2.6608348569223588";"68.425900097504012";"Terreno granulare";"0.99867756785115258";"0";"5.2070640573317171";"3.054112840949359";"0.91482421874999353";"0";"0";"24.79128089714489";"0";"1.9135017866011461";"1.7792105410574566";"2.5560950196703165";"1.180609718144735";"1.0469621035010379";"0.74860354246453187"
"Globale A2–M2–R2 2";"Soddisfatta nel dominio esplorato";"1.1276527719549543";"1.1000000000000001";"0.97547758260105721";"0.01039239299151884";"4.7161496084759191";"5.5895871084759197";"123";"5.2435742187500001";"5.3139453124999996";"2.8485872212419108";"70.481296748301062";"Terreno granulare";"0.76054096001617322";"0";"5.2768190222304812";"3.147048866073638";"0.91482421874999353";"0";"0";"24.79128089714489";"0";"1.6753651787661668";"1.5788220236932262";"2.3263450708759175";"1.0744927623185359";"0.95285782028074328";"0.72017053692527089"
"Globale A2–M2–R2 2";"Soddisfatta nel dominio esplorato";"1.1276527719549543";"1.1000000000000001";"0.97547758260105721";"0.01039239299151884";"4.7161496084759191";"5.5895871084759197";"124";"5.3139453124999996";"5.3843164062500009";"3.0604456401296609";"72.76975878004248";"Terreno granulare";"0.49163498830033503";"0";"5.345697165727513";"3.2503889576238176";"0.91482421875001663";"0";"0";"24.79128089714489";"0";"1.4064592070503517";"1.3430383318938222";"2.0459824625057239";"0.94499882038794647";"0.83802287715716783";"0.68742485960894051"
"Globale A2–M2–R2 2";"Soddisfatta nel dominio esplorato";"1.1276527719549543";"1.1000000000000001";"0.97547758260105721";"0.01039239299151884";"4.7161496084759191";"5.5895871084759197";"125";"5.3843164062500009";"5.4546875000000004";"3.3072430076990029";"75.400604136525928";"Terreno granulare";"0.17788685626042641";"0";"5.408186646858403";"3.3579810057827828";"0.91482421874999353";"0";"0";"24.79128089714489";"0";"1.0927110750104199";"1.0570693261195576";"1.6851682799044705";"0.77834588802613169";"0.69023542298109464";"0.6484284614426542"
"Globale eccezionale 3";"Soddisfatta nel dominio esplorato";"1.3019588408756075";"1";"0.76807343566058439";"-0.20892983250666886";"6.80440292972993";"7.52315292972993";"1";"-3.4179687500000004";"-3.3351106770833336";"-0.019384702199530146";"-24.900781442392674";"Terreno granulare";"0.028835226656383738";"0";"-3.3628029507480397";"-0.012855280537496235";"0";"0";"0";"29.999999999999996";"0";"0.028835226656383738";"-0.012088368674599092";"0.040030826019065727";"0.023111808177990672";"0.017751565911597687";"0.72032554718331832"
"Globale eccezionale 3";"Soddisfatta nel dominio esplorato";"1.3019588408756075";"1";"0.76807343566058439";"-0.20892983250666886";"6.80440292972993";"7.52315292972993";"2";"-3.3351106770833336";"-3.2522526041666673";"-0.057239460136704778";"-24.206998366189204";"Terreno granulare";"0.085294778836708315";"0";"-3.2891841408121794";"-0.02960566124033048";"0";"0";"0";"29.999999999999996";"0";"0.085294778836708315";"-0.034922805962043377";"0.11680354871488688";"0.067436560292843506";"0.05179623055325646";"0.73024133063721974"
"Globale eccezionale 3";"Soddisfatta nel dominio esplorato";"1.3019588408756075";"1";"0.76807343566058439";"-0.20892983250666886";"6.80440292972993";"7.52315292972993";"3";"-3.2522526041666673";"-3.1693945312500005";"-0.093891352675034234";"-23.516971862523306";"Terreno granulare";"0.13996025728429626";"0";"-3.2081704886083129";"-0.047498296413081335";"0";"0";"0";"29.999999999999996";"0";"0.13996025728429626";"-0.055797681877055361";"0.18913619191815398";"0.10919783131744693";"0.083871953466676419";"0.73999722562280457"
"Globale eccezionale 3";"Soddisfatta nel dominio esplorato";"1.3019588408756075";"1";"0.76807343566058439";"-0.20892983250666886";"6.80440292972993";"7.52315292972993";"4";"-3.1693945312500005";"-3.0865364583333337";"-0.12935945489303968";"-22.830543053361549";"Terreno granulare";"0.1928601151947299";"0";"-3.1261028534218167";"-0.065047530870651682";"0";"0";"0";"29.999999999999996";"0";"0.1928601151947299";"-0.074783316265358751";"0.25728549108228699";"0.14854384753494343";"0.11409258332240603";"0.74959576765659097"
"Globale eccezionale 3";"Soddisfatta nel dominio esplorato";"1.3019588408756075";"1";"0.76807343566058439";"-0.20892983250666886";"6.80440292972993";"7.52315292972993";"5";"-3.0865364583333337";"-3.0036783854166673";"-0.16366184362492575";"-22.14755921135524";"Terreno granulare";"0.24402131663268753";"0";"-3.0436841279720741";"-0.08209666177715981";"0";"0";"0";"29.999999999999996";"0";"0.24402131663268753";"-0.091948213996291467";"0.32148703958169117";"0.18561062884346527";"0.14256259339092192";"0.75903935956547541"
"Globale eccezionale 3";"Soddisfatta nel dominio esplorato";"1.3019588408756075";"1";"0.76807343566058439";"-0.20892983250666886";"6.80440292972993";"7.52315292972993";"6";"-3.0036783854166673";"-2.9208203125000005";"-0.19681565309052029";"-21.467873348855466";"Terreno granulare";"0.29346941952924843";"0";"-2.9611058885409953";"-0.098609084978526565";"0";"0";"0";"29.999999999999996";"0";"0.29346941952924843";"-0.10735917734902202";"0.38195737900186727";"0.22052319558569197";"0.16937800847635345";"0.76833027888123029"
"Globale eccezionale 3";"Soddisfatta nel dominio esplorato";"1.3019588408756075";"1";"0.76807343566058439";"-0.20892983250666886";"6.80440292972993";"7.52315292972993";"7";"-2.9208203125000005";"-2.8379622395833337";"-0.22883712608339302";"-20.79134383797965";"Terreno granulare";"0.34122865205132213";"0";"-2.8784417950004837";"-0.1145755555540999";"0";"0";"0";"29.999999999999996";"0";"0.34122865205132213";"-0.12108141056084375";"0.43889584365140838";"0.25339663347834851";"0.19462722286054102";"0.77747068464458258"
"Globale eccezionale 3";"Soddisfatta nel dominio esplorato";"1.3019588408756075";"1";"0.76807343566058439";"-0.20892983250666886";"6.80440292972993";"7.52315292972993";"8";"-2.8379622395833337";"-2.7551041666666674";"-0.25974166112243147";"-20.117834058770388";"Terreno granulare";"0.38732198294806258";"0";"-2.7957262156234211";"-0.12999567141303978";"0";"0";"0";"29.999999999999996";"0";"0.38732198294806258";"-0.1331786172566379";"0.49248619233713609";"0.28433703571801933";"0.21839172390948541";"0.78646262367274178"
"Globale eccezionale 3";"Soddisfatta nel dominio esplorato";"1.3019588408756075";"1";"0.76807343566058439";"-0.20892983250666886";"6.80440292972993";"7.52315292972993";"9";"-2.7551041666666674";"-2.6722460937500001";"-0.28954385592792597";"-19.447212072807293";"Terreno granulare";"0.43177118641309564";"0";"-2.7129773434421272";"-0.1448724441331625";"0";"0";"0";"29.999999999999996";"0";"0.43177118641309564";"-0.14371309140331068";"0.54289805545155367";"0.31344233845747882";"0.24074673378052347";"0.79530803633837188"
"Globale eccezionale 3";"Soddisfatta nel dominio esplorato";"1.3019588408756075";"1";"0.76807343566058439";"-0.20892983250666886";"6.80440292972993";"7.52315292972993";"10";"-2.6722460937500001";"-2.5893880208333337";"-0.3182575475445022";"-18.779350319912599";"Terreno granulare";"0.47459690194353177";"0";"-2.6302057107828758";"-0.15921031128172497";"0";"0";"0";"29.999999999999996";"0";"0.47459690194353177";"-0.15274580236689989";"0.59028822126303837";"0.34080306344568057";"0.26176177982437598";"0.8040087619028512"
"Globale eccezionale 3";"Soddisfatta nel dominio esplorato";"1.3019588408756075";"1";"0.76807343566058439";"-0.20892983250666886";"6.80440292972993";"7.52315292972993";"11";"-2.5893880208333337";"-2.5065299479166669";"-0.34589584939910267";"-18.11412533583707";"Terreno granulare";"0.51581868962600241";"0";"-2.5474178377457646";"-0.17301429463499293";"0";"0";"0";"29.999999999999996";"0";"0.51581868962600241";"-0.16033647459189118";"0.63480178182199376";"0.36650297961698214";"0.28150120273425661";"0.81256654344212964"
"Globale eccezionale 3";"Soddisfatta nel dominio esplorato";"1.3019588408756075";"1";"0.76807343566058439";"-0.20892983250666886";"6.80440292972993";"7.52315292972993";"12";"-2.5065299479166669";"-2.4236718750000001";"-0.37247118555216208";"-17.45141748902908";"Terreno granulare";"0.55545508123473608";"0";"-2.4646179769155587";"-0.18628960590882365";"0";"0";"0";"29.999999999999996";"0";"0.55545508123473608";"-0.16654366237080462";"0.67657315597777912";"0.39061969373024535";"0.30002461020007481";"0.82098303239949866"
"Globale eccezionale 3";"Soddisfatta nel dominio esplorato";"1.3019588408756075";"1";"0.76807343566058439";"-0.20892983250666886";"6.80440292972993";"7.52315292972993";"13";"-2.4236718750000001";"-2.3408138020833338";"-0.39799532237354196";"-16.791110734780709";"Terreno granulare";"0.5935236274874357";"0";"-2.3818090205269105";"-0.19904144869710957";"0";"0";"0";"29.999999999999996";"0";"0.5935236274874357";"-0.17142482012684865";"0.71572700454489291";"0.41322517874027842";"0.31738728273650474";"0.82925979279605033"
"Globale eccezionale 3";"Soddisfatta nel dominio esplorato";"1.3019588408756075";"1";"0.76807343566058439";"-0.20892983250666886";"6.80440292972993";"7.52315292972993";"14";"-2.3408138020833338";"-2.2579557291666674";"-0.42247939785125599";"-16.133092385212418";"Terreno granulare";"0.63004094176924752";"0";"-2.2989930044097062";"-0.21127491430674233";"0";"0";"0";"29.999999999999996";"0";"0.63004094176924752";"-0.17503636859210867";"0.75237905058105603";"0.43438624738560772";"0.33364053743317229";"0.83739830512648139"
"Globale eccezionale 3";"Soddisfatta nel dominio esplorato";"1.3019588408756075";"1";"0.76807343566058439";"-0.20892983250666886";"6.80440292972993";"7.52315292972993";"15";"-2.2579557291666674";"-2.1750976562500002";"-0.44593394872009462";"-15.477252893707565";"Terreno granulare";"0.66502274060408495";"0";"-2.2161714033906517";"-0.22299492567751875";"0";"0";"0";"29.999999999999996";"0";"0.66502274060408495";"-0.1774337572281193";"0.78663681598135182";"0.45416497746130358";"0.34883205459541533";"0.84539996996511046"
"Globale eccezionale 3";"Soddisfatta nel dominio esplorato";"1.3019588408756075";"1";"0.76807343566058439";"-0.20892983250666886";"6.80440292972993";"7.52315292972993";"16";"-2.1750976562500002";"-2.0922395833333338";"-0.4683689355786953";"-14.823485652539532";"Terreno granulare";"0.69848388112477255";"0";"-2.1333453123406971";"-0.23420620726114771";"0";"0";"0";"29.999999999999996";"0";"0.69848388112477255";"-0.17867152320394439";"0.81860028409764929";"0.4726190943824819";"0.3630061715811469";"0.85326611130451513"
"Globale eccezionale 3";"Soddisfatta nel dominio esplorato";"1.3019588408756075";"1";"0.76807343566058439";"-0.20892983250666886";"6.80440292972993";"7.52315292972993";"17";"-2.0922395833333338";"-2.009381510416667";"-0.48979376614700687";"-14.171686802551458";"Terreno granulare";"0.73043839576887204";"0";"-2.0505155613866566";"-0.24491326949467229";"0";"0";"0";"29.999999999999996";"0";"0.73043839576887204";"-0.1788033472187088";"0.84836249681835307";"0.48980231590845918";"0.37620414757432119";"0.86099797964698299"
"Globale eccezionale 3";"Soddisfatta nel dominio esplorato";"1.3019588408756075";"1";"0.76807343566058439";"-0.20892983250666886";"6.80440292972993";"7.52315292972993";"18";"-2.009381510416667";"-1.9265234375000002";"-0.51021731680128912";"-13.521755053852893";"Terreno granulare";"0.76089952440455833";"0";"-1.967682791623955";"-0.25512040172666545";"0";"0";"0";"29.999999999999996";"0";"0.76089952440455833";"-0.17788210643027474";"0.87601009345361902";"0.50576466326827618";"0.38846440255218345";"0.86859675486700849"
"Globale eccezionale 3";"Soddisfatta nel dominio esplorato";"1.3019588408756075";"1";"0.76807343566058439";"-0.20892983250666886";"6.80440292972993";"7.52315292972993";"19";"-1.9265234375000002";"-1.8436653645833339";"-0.5296479525105191";"-12.873591516590118";"Terreno granulare";"0.78987974407169381";"0";"-1.8848475062777494";"-0.26483167013365183";"0";"0";"0";"29.999999999999996";"0";"0.78987974407169381";"-0.17595992472946462";"0.90162379783792312";"0.52055274238949756";"0.39982273328964052";"0.87606354886129956"
"Globale eccezionale 3";"Soddisfatta nel dominio esplorato";"1.3019588408756075";"1";"0.76807343566058439";"-0.20892983250666886";"6.80440292972993";"7.52315292972993";"20";"-1.8436653645833339";"-1.7608072916666671";"-0.54809354528618925";"-12.227099540929506";"Terreno granulare";"0.81739079650497326";"0";"-1.8020101061271259";"-0.27405091860433323";"0";"0";"0";"29.999999999999996";"0";"0.81739079650497326";"-0.17308822057904544";"0.92527885925850772";"0.53420999846836925";"0.41031250888783588";"0.88339940800118044"
"Globale eccezionale 3";"Soddisfatta nel dominio esplorato";"1.3019588408756075";"1";"0.76807343566058439";"-0.20892983250666886";"6.80440292972993";"7.52315292972993";"21";"-1.7608072916666671";"-1.6779492187500005";"-0.56556149124674615";"-11.582184565467065";"Terreno granulare";"0.84344371359025283";"0";"-1.7191709145670733";"-0.28278177137501509";"0";"0";"0";"29.999999999999996";"0";"0.84344371359025283";"-0.16931775261882345";"0.94704545212671676";"0.54677694672017074";"0.41996484800736583";"0.89060531540084753"
"Globale eccezionale 3";"Soddisfatta nel dominio esplorato";"1.3019588408756075";"1";"0.76807343566058439";"-0.20892983250666886";"6.80440292972993";"7.52315292972993";"22";"-1.6779492187500005";"-1.5950911458333337";"-0.58205872638829348";"-10.938753973342839";"Terreno granulare";"0.86804884089089007";"0";"-1.6363301956830121";"-0.29102763666639897";"0";"0";"0";"29.999999999999996";"0";"0.86804884089089007";"-0.16469866322216853";"0.96698903871170194";"0.55829138180361859";"0.42880877972160042";"0.89768219301365848"
"Globale eccezionale 3";"Soddisfatta nel dominio esplorato";"1.3019588408756075";"1";"0.76807343566058439";"-0.20892983250666886";"6.80440292972993";"7.52315292972993";"23";"-1.5950911458333337";"-1.5122330729166669";"-0.5975917411444378";"-10.296716955397708";"Terreno granulare";"0.89121585936757297";"0";"-1.5534881675127741";"-0.29879171085049105";"0";"0";"0";"29.999999999999996";"0";"0.89121585936757297";"-0.1592805201748459";"0.98517069873802199";"0.5687885681141287";"0.43687138967588318";"0.90463090356747033"
"Globale eccezionale 3";"Soddisfatta nel dominio esplorato";"1.3019588408756075";"1";"0.76807343566058439";"-0.20892983250666886";"6.80440292972993";"7.52315292972993";"24";"-1.5122330729166669";"-1.4293750000000003";"-0.61216659381027494";"-9.6559843797625895";"Terreno granulare";"0.91295380540369619";"0";"-1.4706450119306282";"-0.30607698284700835";"0";"0";"0";"29.999999999999996";"0";"0.91295380540369619";"-0.15311235663423661";"1.0016474291997521";"0.57830141288157355";"0.44417795303932034";"0.91145225234899652"
"Globale eccezionale 3";"Soddisfatta nel dominio esplorato";"1.3019588408756075";"1";"0.76807343566058439";"-0.20892983250666886";"6.80440292972993";"7.52315292972993";"25";"-1.4293750000000003";"-1.3465169270833339";"-0.625788922898324";"-9.0164686673168788";"Terreno granulare";"0.93327108923736335";"0";"-1.3878008821196204";"-0.31288623855552855";"0";"0";"0";"29.999999999999996";"0";"0.93327108923736335";"-0.14624270951543303";"1.0164724173524498";"0.58686062378226644";"0.45075205556235903";"0.91814698884619383"
"Globale eccezionale 3";"Soddisfatta nel dominio esplorato";"1.3019588408756075";"1";"0.76807343566058439";"-0.20892983250666886";"6.80440292972993";"7.52315292972993";"26";"-1.3465169270833339";"-1.2636588541666667";"-0.63846395848769255";"-8.378083672495011";"Terreno granulare";"0.95217551189148564";"0";"-1.3049559082954811";"-0.31922206519782764";"0";"0";"0";"29.999999999999996";"0";"0.95217551189148564";"-0.13871965644038722";"1.0296952895035087";"0.59449485257814039";"0.45661570390222495";"0.92471580825682809"
"Globale eccezionale 3";"Soddisfatta nel dominio esplorato";"1.3019588408756075";"1";"0.76807343566058439";"-0.20892983250666886";"6.80440292972993";"7.52315292972993";"27";"-1.2636588541666667";"-1.1808007812500003";"-0.65019653262177535";"-7.7407445689574477";"Terreno granulare";"0.96967428068442618";"0";"-1.2221102021453258";"-0.32508685548907368";"0";"0";"0";"29.999999999999996";"0";"0.96967428068442618";"-0.13059085137701892";"1.0413623379232846";"0.60123082612394629";"0.46178942624607089";"0.93115935287056684"
"Globale eccezionale 3";"Soddisfatta nel dominio esplorato";"1.3019588408756075";"1";"0.76807343566058439";"-0.20892983250666886";"6.80440292972993";"7.52315292972993";"28";"-1.1808007812500003";"-1.097942708333334";"-0.6609910888043542";"-7.1043677396758129";"Terreno granulare";"0.98577402339580167";"0";"-1.1392638603097791";"-0.33048281158557052";"0";"0";"0";"29.999999999999996";"0";"0.98577402339580167";"-0.12190355908695001";"1.0515167279386239";"0.60709346593275892";"0.46629236414606612";"0.93747821333122949"
"Globale eccezionale 3";"Soddisfatta nel dominio esplorato";"1.3019588408756075";"1";"0.76807343566058439";"-0.20892983250666886";"6.80440292972993";"7.52315292972993";"29";"-1.097942708333334";"-1.0150846354166667";"-0.67085169063890771";"-6.4688706710117287";"Terreno granulare";"1.0004808011539499";"0";"-1.0564169671451529";"-0.33541194877597375";"0";"0";"0";"29.999999999999996";"0";"1.0004808011539499";"-0.11270468849304836";"1.0601986870405751";"0.61210599735736382";"0.47014235637871904";"0.94367292978515105"
"Globale eccezionale 3";"Soddisfatta nel dominio esplorato";"1.3019588408756075";"1";"0.76807343566058439";"-0.20892983250666886";"6.80440292972993";"7.52315292972993";"30";"-1.0150846354166667";"-0.93222656250000036";"-0.67978202965134749";"-5.8341718503955668";"Terreno granulare";"1.0138001201053295";"0";"-0.97356959693840928";"-0.3398760988956972";"0";"0";"0";"29.999999999999996";"0";"1.0138001201053295";"-0.10304082507146874";"1.0674456776371057";"0.61629004932908549";"0.47335601555162171";"0.94974399292100187"
"Globale eccezionale 3";"Soddisfatta nel dominio esplorato";"1.3019588408756075";"1";"0.76807343566058439";"-0.20892983250666886";"6.80440292972993";"7.52315292972993";"31";"-0.93222656250000036";"-0.84936848958333355";"-0.68778543233207046";"-5.2001906672346507";"Terreno granulare";"1.0257369419194564";"0";"-0.89072181570261677";"-0.34387691345276117";"0";"0";"0";"29.999999999999996";"0";"1.0257369419194564";"-0.092958262366961919";"1.0732925549035295";"0.61966574549277387";"0.47594879810181212";"0.9556918449058398"
"Globale eccezionale 3";"Soddisfatta nel dominio esplorato";"1.3019588408756075";"1";"0.76807343566058439";"-0.20892983250666886";"6.80440292972993";"7.52315292972993";"32";"-0.84936848958333355";"-0.76651041666666719";"-0.69486486642928647";"-4.5668473167014874";"Terreno granulare";"1.0362956931766611";"0";"-0.80787368264854686";"-0.34741586645896244";"0";"0";"0";"29.999999999999996";"0";"1.0362956931766611";"-0.082503032724998357";"1.0777717110257972";"0.62225178748570753";"0.47793506826008725";"0.96151688022163784"
"Globale eccezionale 3";"Soddisfatta nel dominio esplorato";"1.3019588408756075";"1";"0.76807343566058439";"-0.20892983250666886";"6.80440292972993";"7.52315292972993";"33";"-0.76651041666666719";"-0.68365234375000039";"-0.7010229465218103";"-3.9340627060708271";"Terreno granulare";"1.0454802736812663";"0";"-0.72502525140492746";"-0.35049425696393677";"0";"0";"0";"29.999999999999996";"0";"1.0454802736812663";"-0.071720937329765116";"1.0809132069935414";"0.62406553102834272";"0.47932815649428623";"0.96721944640603619"
"Globale eccezionale 3";"Soddisfatta nel dominio esplorato";"1.3019588408756075";"1";"0.76807343566058439";"-0.20892983250666886";"6.80440292972993";"7.52315292972993";"34";"-0.68365234375000039";"-0.60079427083333359";"-0.70626193889606714";"-3.3017583632903786";"Terreno granulare";"1.0532940637366073";"0";"-0.64217657104302439";"-0.35311321129199141";"0";"0";"0";"29.999999999999996";"0";"1.0532940637366073";"-0.060657575632982789";"1.0827448929751549";"0.62512305542289825";"0.48014041288930737";"0.9727998447006081"
"Globale eccezionale 3";"Soddisfatta nel dominio esplorato";"1.3019588408756075";"1";"0.76807343566058439";"-0.20892983250666886";"6.80440292972993";"7.52315292972993";"35";"-0.60079427083333359";"-0.51793619791666723";"-0.71058376574873883";"-2.6698563474839467";"Terreno granulare";"1.0597399304142459";"0";"-0.55932768694890089";"-0.35527368498298939";"0";"0";"0";"29.999999999999996";"0";"1.0597399304142459";"-0.049358374255093374";"1.0832925181981243";"0.62543922699279453";"0.48038325587325581";"0.97825833060948841"
"Globale eccezionale 3";"Soddisfatta nel dominio esplorato";"1.3019588408756075";"1";"0.76807343566058439";"-0.20892983250666886";"6.80440292972993";"7.52315292972993";"36";"-0.51793619791666723";"-0.43507812499999998";"-0.71399000873338991";"-2.0382791610975723";"Terreno granulare";"1.0648202328445322";"0";"-0.47647864157759112";"-0.35697646443928333";"0";"0";"0";"29.999999999999996";"0";"1.0648202328445322";"-0.037868615437331526";"1.082579831159175";"0.62502775693900925";"0.4800672166553735";"0.98359511437080205"
"Globale eccezionale 3";"Soddisfatta nel dominio esplorato";"1.3019588408756075";"1";"0.76807343566058439";"-0.20892983250666886";"6.80440292972993";"7.52315292972993";"37";"-0.43507812499999998";"-0.35222005208333362";"-0.71648191186643029";"-1.4069496634094063";"Terreno granulare";"1.0685368265513757";"0";"-0.39362947511673479";"-0.35822216828098163";"0";"0";"0";"29.999999999999996";"0";"1.0685368265513757";"-0.026233465120696142";"1.0806286709012272";"0.62390125403885099";"0.47920197970256734";"0.98881036134293288"
"Globale eccezionale 3";"Soddisfatta nel dominio esplorato";"1.3019588408756075";"1";"0.76807343566058439";"-0.20892983250666886";"6.80440292972993";"7.52315292972993";"38";"-0.35222005208333362";"-0.26936197916666726";"-0.71806038380492243";"-0.77579098513218081";"Terreno granulare";"1.0708910668502232";"0";"-0.31078022608228079";"-0.35901124841177467";"0";"0";"0";"29.999999999999996";"0";"1.0708910668502232";"-0.014498000725769861";"1.0774590500158825";"0.62207127256746819";"0.47779641954664714";"0.99390419230729699"
"Globale eccezionale 3";"Soddisfatta nel dominio esplorato";"1.3019588408756075";"1";"0.76807343566058439";"-0.20892983250666886";"6.80440292972993";"7.52315292972993";"39";"-0.26936197916666726";"-0.18650390625000046";"-0.71872599950600868";"-0.14472644384382044";"Terreno granulare";"1.0718838113233133";"0";"-0.22793093186532359";"-0.35934399079728613";"0";"0";"0";"29.999999999999996";"0";"1.0718838113233133";"-0.0027072387056498331";"1.0730892299585726";"0.61954835578107004";"0.47585863418263258";"0.99887668368891769"
"Globale eccezionale 3";"Soddisfatta nel dominio esplorato";"1.3019588408756075";"1";"0.76807343566058439";"-0.20892983250666886";"6.80440292972993";"7.52315292972993";"40";"-0.18650390625000046";"-0.10364583333333366";"-0.71847900127501507";"0.48632054001332581";"Terreno granulare";"1.0715154213831919";"0";"-0.14508162924664958";"-0.35922051595748539";"0";"0";"0";"29.999999999999996";"0";"1.0715154213831919";"0.0090938380569614737";"1.0675357892005801";"0.61634207526451446";"0.47339597529059013";"1.0037278676957444"
"Globale eccezionale 3";"Soddisfatta nel dominio esplorato";"1.3019588408756075";"1";"0.76807343566058439";"-0.20892983250666886";"6.80440292972993";"7.52315292972993";"41";"-0.10364583333333366";"-0.020787760416666856";"-0.71731929920672233";"1.1174265268207844";"Terreno granulare";"1.0697857629309788";"0";"-0.062232354893962588";"-0.35864077917418052";"0";"0";"0";"29.999999999999996";"0";"1.0697857629309788";"0.020860252938337237";"1.0608136846837395";"0.61246106641219578";"0.47041507548756056";"1.0084577323773063"
"Globale eccezionale 3";"Soddisfatta nel dominio esplorato";"1.3019588408756075";"1";"0.76807343566058439";"-0.20892983250666886";"6.80440292972993";"7.52315292972993";"42";"-0.020787760416666856";"0";"-0.71612986254941902";"1.5122107736738493";"Terreno granulare";"0.26796035170261184";"0";"-0.010395207708644593";"-0.35806375087920417";"0";"0";"0";"29.999999999999996";"0";"0.26796035170261184";"0.0070714244922220979";"0.26495200782269762";"0.15297011303876629";"0.11749228027507318";"1.0113542973485499"
"Globale eccezionale 3";"Soddisfatta nel dominio esplorato";"1.3019588408756075";"1";"0.76807343566058439";"-0.20892983250666886";"6.80440292972993";"7.52315292972993";"43";"0";"0.062070312499999503";"-0.71492196072898917";"1.8278657465632964";"Terreno granulare";"0.79873385440953715";"0.6982910156249944";"0.031027509352068834";"-0.085765012176276731";"0";"0";"0";"29.999999999999996";"0";"1.4970248700345317";"0.04774887761357844";"1.4768864200211866";"0.85268077216173477";"0.65492145019598358";"1.013635747299414"
"Globale eccezionale 3";"Soddisfatta nel dominio esplorato";"1.3019588408756075";"1";"0.76807343566058439";"-0.20892983250666886";"6.80440292972993";"7.52315292972993";"44";"0.062070312499999503";"0.14492838541666631";"-0.7122597612967958";"2.3801221569083704";"Terreno granulare";"1.0622396241689047";"0.93215332031250142";"0.10348156552917535";"-0.084507551109471377";"0";"0";"0";"29.999999999999996";"0";"1.9943929444814061";"0.082820473521947574";"1.9599888005472301";"1.1316000616045949";"0.86915194711037014";"1.0175532349595928"
"Globale eccezionale 3";"Soddisfatta nel dominio esplorato";"1.3019588408756075";"1";"0.76807343566058439";"-0.20892983250666886";"6.80440292972993";"7.52315292972993";"45";"0.14492838541666631";"0.22778645833333311";"-0.70835808008712853";"3.0118655789753626";"Terreno granulare";"1.0564203913840946";"0.93215332031250142";"0.18633484461361272";"-0.082676581622196266";"0";"0";"0";"29.999999999999996";"0";"1.988573711696596";"0.10447919288965613";"1.945921776989378";"1.1234784617667721";"0.86291396201987325";"1.0219186275684764"
"Globale eccezionale 3";"Soddisfatta nel dominio esplorato";"1.3019588408756075";"1";"0.76807343566058439";"-0.20892983250666886";"6.80440292972993";"7.52315292972993";"46";"0.22778645833333311";"0.31064453124999947";"-0.70354000093268887";"3.6439757308281449";"Terreno granulare";"1.0492343801081201";"0.93215332031249654";"0.26918806836563136";"-0.080416539840746162";"0";"0";"0";"29.999999999999996";"0";"1.9813877004206166";"0.12592285933675779";"1.9308718265581442";"1.1147893688340087";"0.85624010055823152";"1.0261622098202754"
"Globale eccezionale 3";"Soddisfatta nel dominio esplorato";"1.3019588408756075";"1";"0.76807343566058439";"-0.20892983250666886";"6.80440292972993";"7.52315292972993";"47";"0.31064453124999947";"0.39350260416666671";"-0.69780375824203222";"4.2765303391771097";"Terreno granulare";"1.0406789568559509";"0.93215332031250642";"0.35204122428064716";"-0.077727226611294775";"0";"0";"0";"29.999999999999996";"0";"1.9728322771684574";"0.14710611597617035";"1.9148436368725892";"1.1055354892044313";"0.84913244143795252";"1.0302837470272914"
"Globale eccezionale 3";"Soddisfatta nel dominio esplorato";"1.3019588408756075";"1";"0.76807343566058439";"-0.20892983250666886";"6.80440292972993";"7.52315292972993";"48";"0.39350260416666671";"0.47636067708333307";"-0.69114724404122185";"4.9096076214240956";"Terreno granulare";"1.030750977457439";"0.93215332031249654";"0.43489429931485851";"-0.074608419127534131";"0";"0";"0";"29.999999999999996";"0";"1.9629042977699356";"0.16798344619133523";"1.8978407027843205";"1.0957188406315559";"0.84159253444191151";"1.0342829589913212"
"Globale eccezionale 3";"Soddisfatta nel dominio esplorato";"1.3019588408756075";"1";"0.76807343566058439";"-0.20892983250666886";"6.80440292972993";"7.52315292972993";"49";"0.47636067708333307";"0.55921874999999988";"-0.68356800407418916";"5.5432863743703482";"Terreno granulare";"1.0194467812403036";"0.93215332031250142";"0.51774727977055157";"-0.071059878904033397";"0";"0";"0";"29.999999999999996";"0";"1.9516001015528051";"0.18850914495064414";"1.8798653433533656";"1.0853407620253137";"0.8336214079512595";"1.0381595194853035"
"Globale eccezionale 3";"Soddisfatta nel dominio esplorato";"1.3019588408756075";"1";"0.76807343566058439";"-0.20892983250666886";"6.80440292972993";"7.52315292972993";"50";"0.55921874999999988";"0.64207682291666623";"-0.67506323323751705";"6.1776460647227909";"Terreno granulare";"1.0067621842199741";"0.93215332031249654";"0.60060015117017373";"-0.067081361553259264";"0";"0";"0";"29.999999999999996";"0";"1.9389155045324706";"0.2086372896305452";"1.8609187148820105";"1.0744019209771414";"0.82521957472524465";"1.0419130556464984"
"Globale eccezionale 3";"Soddisfatta nel dominio esplorato";"1.3019588408756075";"1";"0.76807343566058439";"-0.20892983250666886";"6.80440292972993";"7.52315292972993";"51";"0.64207682291666623";"0.72493489583333259";"-0.6656297703296703";"6.8127669216941555";"Terreno granulare";"0.99269247126702576";"0.93215332031249654";"0.68345289811665821";"-0.062672628638385436";"0";"0";"0";"29.999999999999996";"0";"1.9248457915795223";"0.22832171026732223";"1.8410008200902441";"1.062902319057424";"0.81638703597003837";"1.0455431472785375"
"Globale eccezionale 3";"Soddisfatta nel dominio esplorato";"1.3019588408756075";"1";"0.76807343566058439";"-0.20892983250666886";"6.80440292972993";"7.52315292972993";"52";"0.72493489583333259";"0.80000000000000004";"-0.65577249231546464";"7.4188031604061395";"Terreno granulare";"0.88601810360415789";"0.84448242187500877";"0.76241970763296041";"-0.058073259338893797";"0";"0";"0";"29.999999999999996";"0";"1.7305005254791666";"0.2234330347044956";"1.6498442145762042";"0.95253800140651812";"0.73161913533757095";"1.0488872283760928"
"Globale eccezionale 3";"Soddisfatta nel dominio esplorato";"1.3019588408756075";"1";"0.76807343566058439";"-0.20892983250666886";"6.80440292972993";"7.52315292972993";"53";"0.80000000000000004";"0.80779296874999984";"-0.65026090279370319";"7.7371039872494309";"Terreno granulare";"0.091214283612984087";"0.10285348892211607";"0.803997599177389";"-0.011901157375841435";"0";"0";"0";"29.999999999999996";"0";"0.19406777253510016";"0.026129545981950646";"0.18472148965056906";"0.10664900177486471";"0.081914265202992095";"1.0505966192791707"
"Globale eccezionale 3";"Soddisfatta nel dominio esplorato";"1.3019588408756075";"1";"0.76807343566058439";"-0.20892983250666886";"6.80440292972993";"7.52315292972993";"54";"0.80779296874999984";"0.89065104166666709";"-0.64396230651113306";"8.0856174376149568";"Terreno granulare";"0.96037612688417473";"2.9713735686408378";"0.85521964711070453";"0.52367026315343601";"0";"0";"0";"29.999999999999996";"0";"3.9317496955250126";"0.55614573192371708";"3.7358738165627039";"2.1569077536509513";"1.6566635487496395";"1.0524310746508376"
"Globale eccezionale 3";"Soddisfatta nel dominio esplorato";"1.3019588408756075";"1";"0.76807343566058439";"-0.20892983250666886";"6.80440292972993";"7.52315292972993";"55";"0.89065104166666709";"0.95000000000000018";"-0.6335142754463261";"8.6329536028175493";"Terreno granulare";"0.67674985716491087";"4.2382729424370522";"0.92208799309954126";"1.2057065656477683";"0";"0";"0";"29.999999999999996";"0";"4.9150227996019629";"0.738916043783031";"4.6577587515731151";"2.6891582690410729";"2.0654710307374469";"1.0552334420373231"
"Globale eccezionale 3";"Soddisfatta nel dominio esplorato";"1.3019588408756075";"1";"0.76807343566058439";"-0.20892983250666886";"6.80440292972993";"7.52315292972993";"56";"0.95000000000000018";"0.97350911458333345";"-0.62710620796118377";"8.9522265514036157";"Terreno granulare";"0.26536746676633294";"2.027661132812494";"0.96175321837437278";"1.4890825353680284";"0";"0";"0";"29.999999999999996";"0";"2.2930285995788271";"0.35681977247919505";"2.1697362235424427";"1.2526977927327114";"0.96216389750864428";"1.0568236704068523"
"Globale eccezionale 3";"Soddisfatta nel dominio esplorato";"1.3019588408756075";"1";"0.76807343566058439";"-0.20892983250666886";"6.80440292972993";"7.52315292972993";"57";"0.97350911458333345";"1.0563671874999998";"-0.61853295595232183";"9.3624986869430806";"Terreno granulare";"0.92244903854898441";"7.1465087890624721";"1.0149207152636219";"1.4924420243193413";"0";"0";"0";"29.999999999999996";"0";"8.068957827611456";"1.3126409298730235";"7.6207152747474778";"4.3998220152929495";"3.3793864115811321";"1.0588189607804015"
"Globale eccezionale 3";"Soddisfatta nel dominio esplorato";"1.3019588408756075";"1";"0.76807343566058439";"-0.20892983250666886";"6.80440292972993";"7.52315292972993";"58";"1.0563671874999998";"1.1392252604166662";"-0.60439569200756793";"10.002662315438583";"Terreno granulare";"0.9013637438839438";"7.1465087890624721";"1.0977775233550706";"1.4979539125775434";"0";"0";"0";"29.999999999999996";"0";"8.0478725329464158";"1.397846665628828";"7.5792918410322212";"4.3759061846866878";"3.361017297400704";"1.0618238091027747"
"Globale eccezionale 3";"Soddisfatta nel dominio esplorato";"1.3019588408756075";"1";"0.76807343566058439";"-0.20892983250666886";"6.80440292972993";"7.52315292972993";"59";"1.1392252604166662";"1.2000000000000002";"-0.5913695574816451";"10.558537210026348";"Terreno granulare";"0.64690240047518954";"5.2418212890625586";"1.169601972145327";"1.5030190092314291";"0";"0";"0";"29.999999999999996";"0";"5.8887236895377484";"1.0790413235859675";"5.5328220967118549";"3.1943763269148988";"2.4535156002063645";"1.064325508141208"
"Globale eccezionale 3";"Soddisfatta nel dominio esplorato";"1.3019588408756075";"1";"0.76807343566058439";"-0.20892983250666886";"6.80440292972993";"7.52315292972993";"60";"1.2000000000000002";"1.2220833333333325";"-0.58352715559433843";"10.879661463311461";"Terreno granulare";"1.424450910678386";"0.24843749999998882";"1.211039810677988";"1.3829963956590627";"0.066249999999997033";"50";"0";"29.999999999999996";"0";"1.7391384106783718";"22.622120266273122";"1.6318827833900713";"0.94216796427617344";"0.72365418529093928";"1.0657250804898424"
"Globale eccezionale 3";"Soddisfatta nel dominio esplorato";"1.3019588408756075";"1";"0.76807343566058439";"-0.20892983250666886";"6.80440292972993";"7.52315292972993";"61";"1.2220833333333325";"1.3049414062499998";"-0.57324872679295424";"11.286870232343521";"Terreno granulare";"5.3292449308772465";"0.93215332031250642";"1.2634851710507842";"1.3878133476406664";"0.24857421875000174";"0";"0";"29.999999999999996";"0";"6.509972469939755";"1.274118443147896";"6.098610844832999";"3.5210346129471026";"2.7044131522461172";"1.0674516927826734"
"Globale eccezionale 3";"Soddisfatta nel dominio esplorato";"1.3019588408756075";"1";"0.76807343566058439";"-0.20892983250666886";"6.80440292972993";"7.52315292972993";"62";"1.3049414062499998";"1.387799479166667";"-0.5562268706349931";"11.931092949242698";"Terreno granulare";"5.3038573451432427";"0.93215332031250642";"1.3463415297533485";"1.3957619354203041";"0.24857421875000174";"0";"0";"29.999999999999996";"0";"6.4845848842057512";"1.3405677709553938";"6.0599456323135925";"3.4987112420907494";"2.6872671640969523";"1.0700731124760996"
"Globale eccezionale 3";"Soddisfatta nel dominio esplorato";"1.3019588408756075";"1";"0.76807343566058439";"-0.20892983250666886";"6.80440292972993";"7.52315292972993";"63";"1.387799479166667";"1.4706575520833334";"-0.5382306053547774";"12.576849950863737";"Terreno granulare";"5.2770164533269472";"0.93215332031249654";"1.4291978557351841";"1.4041605334896952";"0.24857421874999908";"0";"0";"29.999999999999996";"0";"6.4577439923894424";"1.4061414087389215";"6.0208415596310569";"3.4761344952010771";"2.6699265645473624";"1.0725650107931353"
"Globale eccezionale 3";"Soddisfatta nel dominio esplorato";"1.3019588408756075";"1";"0.76807343566058439";"-0.20892983250666886";"6.80440292972993";"7.52315292972993";"64";"1.4706575520833334";"1.5535156249999997";"-0.5192527477706177";"13.224234889243485";"Terreno granulare";"5.2487115411612315";"0.93215332031249654";"1.5120541465138717";"1.4130115829958318";"0.24857421874999908";"0";"0";"29.999999999999996";"0";"6.4294390802237267";"1.4707888858245668";"5.9812828890399521";"3.4532952860865191";"2.6523843747349733";"1.0749264329237749"
"Globale eccezionale 3";"Soddisfatta nel dominio esplorato";"1.3019588408756075";"1";"0.76807343566058439";"-0.20892983250666886";"6.80440292972993";"7.52315292972993";"65";"1.5535156249999997";"1.6363736979166661";"-0.49928564619706783";"13.873343437934198";"Terreno granulare";"5.2189311955531421";"0.93215332031249654";"1.5949103994695268";"1.4223176636261934";"0.24857421874999908";"0";"0";"29.999999999999996";"0";"6.3996587346156382";"1.5344590919380754";"5.9412532494556647";"3.4301841628969667";"2.634633334944799";"1.0771563617830922"
"Globale eccezionale 3";"Soddisfatta nel dominio esplorato";"1.3019588408756075";"1";"0.76807343566058439";"-0.20892983250666886";"6.80440292972993";"7.52315292972993";"66";"1.6363736979166661";"1.7192317708333333";"-0.47832116398473801";"14.524273439974012";"Terreno granulare";"5.1876632800292626";"0.93215332031250642";"1.6777666118312993";"1.4320814949705485";"0.24857421875000174";"0";"0";"29.999999999999996";"0";"6.3683908190917711";"1.5971002325615911";"5.9007355969431963";"3.4067912853119613";"2.6166658870880966";"1.0792537158233013"
"Globale eccezionale 3";"Soddisfatta nel dominio esplorato";"1.3019588408756075";"1";"0.76807343566058439";"-0.20892983250666886";"6.80440292972993";"7.52315292972993";"67";"1.7192317708333333";"1.8020898437499997";"-0.45635066171791738";"15.177125063945006";"Terreno granulare";"5.154894908178111";"0.93215332031249654";"1.7606227806625518";"1.4423059378002243";"0.24857421874999908";"0";"0";"29.999999999999996";"0";"6.3356224472406062";"1.6586597821432145";"5.8597121723662715";"3.3831064000893938";"2.5984741559219722";"1.0812173466674135"
"Globale eccezionale 3";"Soddisfatta nel dominio esplorato";"1.3019588408756075";"1";"0.76807343566058439";"-0.20892983250666886";"6.80440292972993";"7.52315292972993";"68";"1.8020898437499997";"1.8849479166666661";"-0.43336497797328377";"15.832000968874752";"Terreno granulare";"5.1206124149467183";"0.93215332031249654";"1.8434789028445531";"1.4529939952261011";"0.24857421874999908";"0";"0";"29.999999999999996";"0";"6.3013399540092134";"1.7190844349660745";"5.8181644559380157";"3.3591188148253255";"2.5800499288949981";"1.0830460365516257"
"Globale eccezionale 3";"Soddisfatta nel dominio esplorato";"1.3019588408756075";"1";"0.76807343566058439";"-0.20892983250666886";"6.80440292972993";"7.52315292972993";"69";"1.8849479166666661";"1.9678059895833333";"-0.40935440853279914";"16.489006478807077";"Terreno granulare";"5.0848013256299565";"0.93215332031250642";"1.9263349750584895";"1.4641488136891105";"0.24857421875000174";"0";"0";"29.999999999999996";"0";"6.2655288646924649";"1.7783200534655166";"5.776073118383195";"3.334817369757499";"2.5613846344902358";"1.0847384955622368"
"Globale eccezionale 3";"Soddisfatta nel dominio esplorato";"1.3019588408756075";"1";"0.76807343566058439";"-0.20892983250666886";"6.80440292972993";"7.52315292972993";"70";"1.9678059895833333";"2.0506640624999997";"-0.38430868393251227";"17.148249767946222";"Terreno granulare";"5.0474463223776871";"0.93215332031249654";"2.0091909937655612";"1.4757736837281628";"0.24857421874999908";"0";"0";"29.999999999999996";"0";"6.2281738614401831";"1.8363116137650242";"5.7334179683952566";"3.3101904074296384";"2.5424693189251921";"1.0862933586513674"
"Globale eccezionale 3";"Soddisfatta nel dominio esplorato";"1.3019588408756075";"1";"0.76807343566058439";"-0.20892983250666886";"6.80440292972993";"7.52315292972993";"71";"2.0506640624999997";"2.1335221354166669";"-0.35821694521640346";"17.809842057366335";"Terreno granulare";"5.0085312080244835";"0.93215332031250642";"2.0920469551849354";"1.4878720404598396";"0.24857421875000174";"0";"0";"29.999999999999996";"0";"6.189258747086992";"1.893003148179796";"5.6901778960350358";"3.2852257400126859";"2.5232946210521296";"1.0877091824140894"
"Globale eccezionale 3";"Soddisfatta nel dominio esplorato";"1.3019588408756075";"1";"0.76807343566058439";"-0.20892983250666886";"6.80440292972993";"7.52315292972993";"72";"2.1335221354166669";"2.2163802083333333";"-0.33106771775032406";"18.473897824376994";"Terreno granulare";"4.9680388670237647";"0.93215332031249654";"2.1749028552692327";"1.5004474636914811";"0.24857421874999908";"0";"0";"29.999999999999996";"0";"6.1487664060862599";"1.9483376844122586";"5.6463308116768758";"3.2599106140553222";"2.5038507452838767";"1.0889844416076939"
"Globale eccezionale 3";"Soddisfatta nel dominio esplorato";"1.3019588408756075";"1";"0.76807343566058439";"-0.20892983250666886";"6.80440292972993";"7.52315292972993";"73";"2.2163802083333333";"2.2992382812499996";"-0.30284888293531331";"19.14053502574637";"Terreno granulare";"4.9259512232494949";"0.93215332031249654";"2.2577586896772339";"1.5135036775741335";"0.24857421874999908";"0";"0";"29.999999999999996";"0";"6.10667876231199";"2.0022571811388143";"5.6018535800692684";"3.2342316724138609";"2.4841274323531919";"1.0901175253917434"
"Globale eccezionale 3";"Soddisfatta nel dominio esplorato";"1.3019588408756075";"1";"0.76807343566058439";"-0.20892983250666886";"6.80440292972993";"7.52315292972993";"74";"2.2992382812499996";"2.382096354166666";"-0.27354764764199491";"19.809875336108604";"Terreno granulare";"4.8822491943963575";"0.93215332031249654";"2.3406144537434108";"1.5270445496835567";"0.24857421874999908";"0";"0";"29.999999999999996";"0";"6.0629767334588536";"2.0547024596548891";"5.5567219490205648";"3.2081749130789246";"2.4641139276886261";"1.0911067332651982"
"Globale eccezionale 3";"Soddisfatta nel dominio esplorato";"1.3019588408756075";"1";"0.76807343566058439";"-0.20892983250666886";"6.80440292972993";"7.52315292972993";"75";"2.382096354166666";"2.4649544270833323";"-0.24315051116789821";"20.482044403022893";"Terreno granulare";"4.8369126426849967";"0.93215332031249654";"2.4234701424438172";"1.5410740893955561";"0.24857421874999908";"0";"0";"29.999999999999996";"0";"6.0176401817474918";"2.1056131312134938";"5.5109104721697291";"3.1817256445871203";"2.4437989471674171";"1.0919502706742858"
"Globale eccezionale 3";"Soddisfatta nel dominio esplorato";"1.3019588408756075";"1";"0.76807343566058439";"-0.20892983250666886";"6.80440292972993";"7.52315292972993";"76";"2.4649544270833323";"2.5478125000000005";"-0.21164322949729897";"21.157172120310793";"Terreno granulare";"4.7899203215423221";"0.93215332031251652";"2.5063257503578269";"1.5555964453954427";"0.24857421875000441";"0";"0";"29.999999999999996";"0";"5.970647860604843";"2.1549275196532292";"5.4643924252342009";"3.1548684376667175";"2.4231706399758162";"1.0926462442618119"
"Globale eccezionale 3";"Soddisfatta nel dominio esplorato";"1.3019588408756075";"1";"0.76807343566058439";"-0.20892983250666886";"6.80440292972993";"7.52315292972993";"77";"2.5478125000000005";"2.6306705729166668";"-0.17901077661803022";"21.835392921478519";"Terreno granulare";"4.7412498178901368";"0.93215332031249654";"2.5891812716251081";"1.5706159021294754";"0.24857421874999908";"0";"0";"29.999999999999996";"0";"5.9219773569526328";"2.2025825788689373";"5.4171397150546881";"3.1275870727246371";"2.4022165482752422";"1.0931926567252748"
"Globale eccezionale 3";"Soddisfatta nel dominio esplorato";"1.3019588408756075";"1";"0.76807343566058439";"-0.20892983250666886";"6.80440292972993";"7.52315292972993";"78";"2.6306705729166668";"2.7135286458333332";"-0.14523730262131185";"22.516846095234889";"Terreno granulare";"4.6908774896353336";"0.93215332031249654";"2.6720366998971028";"1.5861368749674101";"0.24857421874999908";"0";"0";"29.999999999999996";"0";"5.8716050286978287";"2.2485138046308077";"5.3691227806762836";"3.0998644827356041";"2.3809235633369559";"1.0935874012473699"
"Globale eccezionale 3";"Soddisfatta nel dominio esplorato";"1.3019588408756075";"1";"0.76807343566058439";"-0.20892983250666886";"6.80440292972993";"7.52315292972993";"79";"2.7135286458333332";"2.7963867187499996";"-0.11030608827846144";"23.201676125347515";"Terreno granulare";"4.6387783979012545";"0.93215332031249654";"2.75489202828218";"1.6021639037982405";"0.24857421874999908";"0";"0";"29.999999999999996";"0";"5.8195059369637505";"2.2926551402002335";"5.3203104856036516";"3.0716826910356567";"2.3592778777629064";"1.0938282554581886"
"Globale eccezionale 3";"Soddisfatta nel dominio esplorato";"1.3019588408756075";"1";"0.76807343566058439";"-0.20892983250666886";"6.80440292972993";"7.52315292972993";"80";"2.7963867187499996";"2.8792447916666659";"-0.074199495751804179";"23.890033057343505";"Terreno granulare";"4.5849262334923582";"0.93215332031249654";"2.8377472492834666";"1.6187016447240119";"0.24857421874999908";"0";"0";"29.999999999999996";"0";"5.7656537725548542";"2.3349388751315807";"5.2706700002671871";"3.0430227434639456";"2.3372649333656499";"1.0939128748835678"
"Globale eccezionale 3";"Soddisfatta nel dominio esplorato";"1.3019588408756075";"1";"0.76807343566058439";"-0.20892983250666886";"6.80440292972993";"7.52315292972993";"81";"2.8792447916666659";"2.9621028645833332";"-0.036898915055526338";"24.582072894861891";"Terreno granulare";"4.5292932370166632";"0.93215332031250642";"2.9206023547281821";"1.6357548594465503";"0.24857421875000174";"0";"0";"29.999999999999996";"0";"5.7100207760791717";"2.375295536575615";"5.2201666736056023";"3.0138646342209077";"2.3148693642219831";"1.0938387858285039"
"Globale eccezionale 3";"Soddisfatta nel dominio esplorato";"1.3019588408756075";"1";"0.76807343566058439";"-0.20892983250666886";"6.80440292972993";"7.52315292972993";"82";"2.9621028645833332";"3";"-0.0089552389222689044";"25.088765752368403";"Terreno granulare";"2.052546810118892";"0.42634277343750188";"2.9810360123983686";"1.6485039409328017";"0.11369140625000052";"0";"0";"29.999999999999996";"0";"2.5925809898063945";"1.0993059210666261";"2.370504218687429";"1.3686112487743307";"1.051193943929823";"1.0936833477739734"
"Globale eccezionale 3";"Soddisfatta nel dominio esplorato";"1.3019588408756075";"1";"0.76807343566058439";"-0.20892983250666886";"6.80440292972993";"7.52315292972993";"83";"3";"3.0449609374999995";"0.010595641541935485";"25.437655697339896";"Terreno granulare";"2.7834868956531187";"0";"3.0224571723516491";"1.7302998817224327";"0.13488281249999856";"0";"0";"29.999999999999996";"0";"2.9183697081531172";"1.2535150063632181";"2.668768847381934";"1.5408144124408469";"1.1834586194787859";"1.0935265941132526"
"Globale eccezionale 3";"Soddisfatta nel dominio esplorato";"1.3019588408756075";"1";"0.76807343566058439";"-0.20892983250666886";"6.80440292972993";"7.52315292972993";"84";"3.0449609374999995";"3.1278190104166668";"0.041363866023178986";"25.977857702858927";"Terreno granulare";"5.0837163210468042";"0";"3.0863081884873922";"1.7456881775009123";"0.24857421875000174";"0";"0";"29.999999999999996";"0";"5.3322905397968059";"2.3356147375453795";"4.8776724705552112";"2.8161255138938781";"2.1629911987078998";"1.0932038942725171"
"Globale eccezionale 3";"Soddisfatta nel dominio esplorato";"1.3019588408756075";"1";"0.76807343566058439";"-0.20892983250666886";"6.80440292972993";"7.52315292972993";"85";"3.1278190104166668";"3.2106770833333331";"0.082368697493352627";"26.681948519304633";"Terreno granulare";"5.0225584200149003";"0";"3.1691626663658399";"1.7661895461038091";"0.24857421874999908";"0";"0";"29.999999999999996";"0";"5.2711326387648993";"2.3668792881505789";"4.8242285295936682";"2.7852696401931771";"2.1392916217842934";"1.0926374251198403"
"Globale eccezionale 3";"Soddisfatta nel dominio esplorato";"1.3019588408756075";"1";"0.76807343566058439";"-0.20892983250666886";"6.80440292972993";"7.52315292972993";"86";"3.2106770833333331";"3.2935351562499995";"0.1246529238537839";"27.390414989763347";"Terreno granulare";"4.9594922894275175";"0";"3.2520169719600642";"1.7873305272506828";"0.24857421874999908";"0";"0";"29.999999999999996";"0";"5.2080665081775166";"2.3959187679874607";"4.769724552997439";"2.7538017546334386";"2.1151219748094507";"1.0919008949698386"
"Globale eccezionale 3";"Soddisfatta nel dominio esplorato";"1.3019588408756075";"1";"0.76807343566058439";"-0.20892983250666886";"6.80440292972993";"7.52315292972993";"87";"3.2935351562499995";"3.3763932291666667";"0.1682410011638833";"28.103450135869615";"Terreno granulare";"4.8944814488010264";"0";"3.3348710906386603";"1.8091233405279075";"0.24857421875000174";"0";"0";"29.999999999999996";"0";"5.1430556675510282";"2.422652940259141";"4.7141135146556872";"2.7216947066769137";"2.0904614041765637";"1.0909910530499116"
"Globale eccezionale 3";"Soddisfatta nel dominio esplorato";"1.3019588408756075";"1";"0.76807343566058439";"-0.20892983250666886";"6.80440292972993";"7.52315292972993";"88";"3.3763932291666667";"3.4592513020833331";"0.21315879657861991";"28.821256145762053";"Terreno granulare";"4.8274873125369799";"0";"3.4177250061810387";"1.8315809100007234";"0.24857421874999908";"0";"0";"29.999999999999996";"0";"5.076061531286979";"2.4469989460615174";"4.6573454030406962";"2.6889196221546117";"2.0652877324034531";"1.0899044610204154"
"Globale eccezionale 3";"Soddisfatta nel dominio esplorato";"1.3019588408756075";"1";"0.76807343566058439";"-0.20892983250666886";"6.80440292972993";"7.52315292972993";"89";"3.4592513020833331";"3.5421093749999994";"0.25943368740657391";"29.544045092989265";"Terreno granulare";"4.7584690421185636";"0";"3.5005787005541111";"1.8547169135778498";"0.24857421874999908";"0";"0";"29.999999999999996";"0";"5.0070432608685627";"2.468871115563847";"4.5993669644311952";"2.6554457550162223";"2.0395773442656244";"1.0886374798075684"
"Globale eccezionale 3";"Soddisfatta nel dominio esplorato";"1.3019588408756075";"1";"0.76807343566058439";"-0.20892983250666886";"6.80440292972993";"7.52315292972993";"90";"3.5421093749999994";"3.6249674479166658";"0.30709466994872692";"30.272039725397271";"Terreno granulare";"4.6873833837093271";"0";"3.5834321536506502";"1.8785458372361297";"0.24857421874999908";"0";"0";"29.999999999999996";"0";"4.9359576024593261";"2.4881807620617495";"4.5401214181470904";"2.6212403229208081";"2.0133050605178449";"1.0871862551362743"
"Globale eccezionale 3";"Soddisfatta nel dominio esplorato";"1.3019588408756075";"1";"0.76807343566058439";"-0.20892983250666886";"6.80440292972993";"7.52315292972993";"91";"3.6249674479166658";"3.7078255208333331";"0.35617247930491569";"31.005474332659681";"Terreno granulare";"4.6141844893841828";"0";"3.6662853429814923";"1.9030830346921308";"0.24857421875000174";"0";"0";"29.999999999999996";"0";"4.8627587081341845";"2.504835956865274";"4.4795481400699817";"2.5862683245172908";"1.9864439975521389";"1.0855467016050901"
"Globale eccezionale 3";"Soddisfatta nel dominio esplorato";"1.3019588408756075";"1";"0.76807343566058439";"-0.20892983250666886";"6.80440292972993";"7.52315292972993";"92";"3.7078255208333331";"3.7906835937500003";"0.40669972151053013";"31.74459570239863";"Terreno granulare";"4.5388237199571488";"0";"3.7491382433118075";"1.9283447931937669";"0.24857421875000174";"0";"0";"29.999999999999996";"0";"4.7873979387071506";"2.5187412826888873";"4.417582310129621";"2.5504923359206653";"1.9589654110765746";"1.0837144851222202"
"Globale eccezionale 3";"Soddisfatta nel dominio esplorato";"1.3019588408756075";"1";"0.76807343566058439";"-0.20892983250666886";"6.80440292972993";"7.52315292972993";"93";"3.7906835937500003";"3.8735416666666667";"0.45871101957243354";"32.489664176357799";"Terreno granulare";"4.4612494270645939";"0";"3.8319908262292586";"1.9543484062060865";"0.24857421874999908";"0";"0";"29.999999999999996";"0";"4.709823645814593";"2.5297975628666793";"4.3541545187381203";"2.5138722834866791";"1.9308385215895323";"1.0816850034939847"
"Globale eccezionale 3";"Soddisfatta nel dominio esplorato";"1.3019588408756075";"1";"0.76807343566058439";"-0.20892983250666886";"6.80440292972993";"7.52315292972993";"94";"3.8735416666666667";"3.956399739583333";"0.51224317521631324";"33.240954819874048";"Terreno granulare";"4.3814067117976343";"0";"3.9148430596287578";"1.9811122538842545";"0.24857421874999908";"0";"0";"29.999999999999996";"0";"4.6299809305476334";"2.5379015633095809";"4.2891903263183977";"2.4763651895054655";"1.9020303190537371";"1.0794533649248788"
"Globale eccezionale 3";"Soddisfatta nel dominio esplorato";"1.3019588408756075";"1";"0.76807343566058439";"-0.20892983250666886";"6.80440292972993";"7.52315292972993";"95";"3.956399739583333";"4.0392578124999989";"0.56733534844555678";"33.998758720008773";"Terreno granulare";"4.2992371567481502";"0";"3.9976949070944596";"2.0086558923670745";"0.24857421874999774";"0";"0";"29.999999999999996";"0";"4.5478113754981475";"2.5429456636428744";"4.2226097690786881";"2.4379248868603236";"1.8725053437332504";"1.0770143641500678"
"Globale eccezionale 3";"Soddisfatta nel dominio esplorato";"1.3019588408756075";"1";"0.76807343566058439";"-0.20892983250666886";"6.80440292972993";"7.52315292972993";"96";"4.0392578124999989";"4.1221158854166653";"0.62402925735370207";"34.763384430214224";"Terreno granulare";"4.2146785278230094";"0";"4.0805463271543765";"2.0370001530906672";"0.24857421874999908";"0";"0";"29.999999999999996";"0";"4.4632527465730085";"2.5448174933952217";"4.1543268029921823";"2.3985016980092135";"1.842225439627682";"1.0743624558757199"
"Globale eccezionale 3";"Soddisfatta nel dominio esplorato";"1.3019588408756075";"1";"0.76807343566058439";"-0.20892983250666886";"6.80440292972993";"7.52315292972993";"97";"4.1221158854166653";"4.2049739583333334";"0.68236940104038268";"35.535159582410984";"Terreno granulare";"4.1276644415698938";"0";"4.1633972723760158";"2.0661672535195672";"0.24857421875000441";"0";"0";"29.999999999999996";"0";"4.3762386603198982";"2.5433995284338762";"4.0842486765019066";"2.3580420728157487";"1.8111494762997982";"1.0714917251483511"
"Globale eccezionale 3";"Soddisfatta nel dominio esplorato";"1.3019588408756075";"1";"0.76807343566058439";"-0.20892983250666886";"6.80440292972993";"7.52315292972993";"98";"4.2049739583333334";"4.2878320312499998";"0.7424033089693145";"36.31443269095147";"Terreno granulare";"4.0381239930298225";"0";"4.2462476882621933";"2.096180920928421";"0.24857421874999908";"0";"0";"29.999999999999996";"0";"4.2866982117798216";"2.5385686420342859";"4.0122752207344199";"2.3164881787538825";"1.7792330341226246";"1.0683958542094154"
"Globale eccezionale 3";"Soddisfatta nel dominio esplorato";"1.3019588408756075";"1";"0.76807343566058439";"-0.20892983250666886";"6.80440292972993";"7.52315292972993";"99";"4.2878320312499998";"4.3706901041666661";"0.80418182069488164";"37.101575177278363";"Terreno granulare";"3.9459813382534872";"0";"4.3290975118937665";"2.1270665311501298";"0.24857421874999908";"0";"0";"29.999999999999996";"0";"4.1945555570034863";"2.5301956040033304";"3.9382980438945121";"2.2737774357914731";"1.7464280470358706";"1.0650680853132095"
"Globale eccezionale 3";"Soddisfatta nel dominio esplorato";"1.3019588408756075";"1";"0.76807343566058439";"-0.20892983250666886";"6.80440292972993";"7.52315292972993";"100";"4.3706901041666661";"4.4535481770833325";"0.86775940059473466";"37.896983649329854";"Terreno granulare";"3.8511552245529148";"0";"4.4119466702492049";"2.158851264546239";"0.24857421874999908";"0";"0";"29.999999999999996";"0";"4.0997294433029143";"2.5181445201039998";"3.8621996139311765";"2.2298419867672332";"1.7126823957565322";"1.0615011788916746"
"Globale eccezionale 3";"Soddisfatta nel dominio esplorato";"1.3019588408756075";"1";"0.76807343566058439";"-0.20892983250666886";"6.80440292972993";"7.52315292972993";"101";"4.4535481770833325";"4.5364062500000006";"0.93319449310967606";"38.701082476122345";"Terreno granulare";"3.7535584602747245";"0";"4.494795078107928";"2.1915642818660239";"0.24857421875000441";"0";"0";"29.999999999999996";"0";"4.0021326790247294";"2.5022722026152251";"3.7838522104061068";"2.1846080922517261";"1.6779394429876981";"1.0576873663348483"
"Globale eccezionale 3";"Soddisfatta nel dominio esplorato";"1.3019588408756075";"1";"0.76807343566058439";"-0.20892983250666886";"6.80440292972993";"7.52315292972993";"102";"4.5364062500000006";"4.619264322916667";"1.0005499250472658";"39.514326705736217";"Terreno granulare";"3.6530973142991727";"0";"4.5776426354124098";"2.22523692315856";"0.24857421874999908";"0";"0";"29.999999999999996";"0";"3.9016715330491718";"2.4824274611297117";"3.7031167225861741";"2.1379954366257321";"1.6421375004357772";"1.0536182965154637"
"Globale eccezionale 3";"Soddisfatta nel dominio esplorato";"1.3019588408756075";"1";"0.76807343566058439";"-0.20892983250666886";"6.80440292972993";"7.52315292972993";"103";"4.619264322916667";"4.7021223958333334";"1.0698933628016283";"40.337205384515151";"Terreno granulare";"3.5496708335368252";"0";"4.660489223919468";"2.2599029335082719";"0.24857421874999908";"0";"0";"29.999999999999996";"0";"3.7982450522868243";"2.4584503005785749";"3.6198412659405634";"2.0899163293144998";"1.6052092152997453";"1.0492849750139266"
"Globale eccezionale 3";"Soddisfatta nel dominio esplorato";"1.3019588408756075";"1";"0.76807343566058439";"-0.20892983250666886";"6.80440292972993";"7.52315292972993";"104";"4.7021223958333334";"4.7849804687499997";"1.1412978339432103";"41.170245347139335";"Terreno granulare";"3.4431700642961363";"0";"4.7433347029076405";"2.2955987201051968";"0.24857421874999908";"0";"0";"29.999999999999996";"0";"3.6917442830461353";"2.4301710108585466";"3.5338595831690447";"2.0402747816209867";"1.5670808612112799";"1.0446776947870422"
"Globale eccezionale 3";"Soddisfatta nel dominio esplorato";"1.3019588408756075";"1";"0.76807343566058439";"-0.20892983250666886";"6.80440292972993";"7.52315292972993";"105";"4.7849804687499997";"4.8678385416666661";"1.2148423246229525";"42.01401556197775";"Terreno granulare";"3.3334771604250166";"0";"4.8261789036162108";"2.3323636460699171";"0.24857421874999908";"0";"0";"29.999999999999996";"0";"3.5820513791750157";"2.3974091292044495";"3.444989188293432";"1.9889654352165631";"1.5276715152369351";"1.0397859567592667"
"Globale eccezionale 3";"Soddisfatta nel dominio esplorato";"1.3019588408756075";"1";"0.76807343566058439";"-0.20892983250666886";"6.80440292972993";"7.52315292972993";"106";"4.8678385416666661";"4.9506966145833342";"1.2906124667265253";"42.869132134591148";"Terreno granulare";"3.2204643574004419";"0";"4.9090216219577689";"2.370240367571085";"0.24857421875000441";"0";"0";"29.999999999999996";"0";"3.4690385761504463";"2.3599722524053348";"3.3530292027262552";"1.9358723127946793";"1.4868920982884108";"1.0345983784841084"
"Globale eccezionale 3";"Soddisfatta nel dominio esplorato";"1.3019588408756075";"1";"0.76807343566058439";"-0.20892983250666886";"6.80440292972993";"7.52315292972993";"107";"4.9506966145833342";"5.0335546875000006";"1.3687013318535515";"43.736264095546332";"Terreno granulare";"3.1039927868475945";"0";"4.9918626088472484";"2.4092752221522802";"0.24857421874999908";"0";"0";"29.999999999999996";"0";"3.3525670055975936";"2.3176546708825718";"3.2577578199844952";"1.8808673543226566";"1.4446442508564366";"1.0291025886060339"
"Globale eccezionale 3";"Soddisfatta nel dominio esplorato";"1.3019588408756075";"1";"0.76807343566058439";"-0.20892983250666886";"6.80440292972993";"7.52315292972993";"108";"5.0335546875000006";"5.1164127604166669";"1.4492103531824352";"44.616140128295385";"Terreno granulare";"2.9839111000102836";"0";"5.0747015571889369";"2.4495186778869855";"0.24857421874999908";"0";"0";"29.999999999999996";"0";"3.2324853187602827";"2.2702357902126837";"3.1589293199938595";"1.8238086932494562";"1.4008190090117507";"1.0232851043234377"
"Globale eccezionale 3";"Soddisfatta nel dominio esplorato";"1.3019588408756075";"1";"0.76807343566058439";"-0.20892983250666886";"6.80440292972993";"7.52315292972993";"109";"5.1164127604166669";"5.1992708333333351";"1.5322504013817566";"45.509556430772086";"Terreno granulare";"2.8600538610611546";"0";"5.1575380840966369";"2.4910258550785738";"0.24857421875000441";"0";"0";"29.999999999999996";"0";"3.108628079811159";"2.2174782974568892";"3.0562705335746809";"1.764538615275663";"1.3552952365905486";"1.0171311883752776"
"Globale eccezionale 3";"Soddisfatta nel dominio esplorato";"1.3019588408756075";"1";"0.76807343566058439";"-0.20892983250666886";"6.80440292972993";"7.52315292972993";"110";"5.1992708333333351";"5.2821289062499996";"1.6179430473118881";"46.417385953311722";"Terreno granulare";"2.7322396612954201";"0";"5.2403717061844688";"2.5338571347950642";"0.24857421874999375";"0";"0";"29.999999999999996";"0";"2.9808138800454138";"2.1591260190797121";"2.9494766311356955";"1.7028811269547042";"1.3079377577016675";"1.0106246811990003"
"Globale eccezionale 3";"Soddisfatta nel dominio esplorato";"1.3019588408756075";"1";"0.76807343566058439";"-0.20892983250666886";"6.80440292972993";"7.52315292972993";"111";"5.2821289062499996";"5.3649869791666678";"1.7064220528336103";"47.340589319308769";"Terreno granulare";"2.6002688924200692";"0";"5.323201804569468";"2.5780788716444167";"0.24857421875000441";"0";"0";"29.999999999999996";"0";"2.8488431111700736";"2.0949014034858626";"2.838206074588157";"1.6386390411791034";"1.2585951181659998";"1.003747802767796"
"Globale eccezionale 3";"Soddisfatta nel dominio esplorato";"1.3019588408756075";"1";"0.76807343566058439";"-0.20892983250666886";"6.80440292972993";"7.52315292972993";"112";"5.3649869791666678";"5.4478450520833324";"1.7978351423156367";"48.280227819012488";"Terreno granulare";"2.4639211002685899";"0";"5.4060275742317137";"2.6237642318734271";"0.24857421874999375";"0";"0";"29.999999999999996";"0";"2.7124953190185837";"2.0245025431550294";"2.7220745248866716";"1.5715904596975423";"1.2070968838312885";"0.9964809171165192"
"Globale eccezionale 3";"Soddisfatta nel dominio esplorato";"1.3019588408756075";"1";"0.76807343566058439";"-0.20892983250666886";"6.80440292972993";"7.52315292972993";"113";"5.4478450520833324";"5.5307031250000005";"1.8923461224186182";"49.237478978577776";"Terreno granulare";"2.3229518178408775";"0";"5.4888479489435733";"2.6709941819794314";"0.24857421875000441";"0";"0";"29.999999999999996";"0";"2.5715260365908819";"1.9475996274280165";"2.6006474349133084";"1.5014844966145082";"1.1532503559058085";"0.98880225057365478"
"Globale eccezionale 3";"Soddisfatta nel dominio esplorato";"1.3019588408756075";"1";"0.76807343566058439";"-0.20892983250666886";"6.80440292972993";"7.52315292972993";"114";"5.5307031250000005";"5.6135611979166686";"1.9901374378778867";"50.213655356787633";"Terreno granulare";"2.1770887463812318";"0";"5.5716614868542882";"2.7198586570349854";"0.24857421875000441";"0";"0";"29.999999999999996";"0";"2.4256629651312362";"1.8638306848839155";"2.473430972064286";"1.428036037543273";"1.0968365456029889";"0.98068755203902735"
"Globale eccezionale 3";"Soddisfatta nel dominio esplorato";"1.3019588408756075";"1";"0.76807343566058439";"-0.20892983250666886";"6.80440292972993";"7.52315292972993";"115";"5.6135611979166686";"5.6964192708333332";"2.0914132784229711";"51.210227426579223";"Terreno granulare";"2.0260271121390319";"0";"5.6544661904344578";"2.770457940336152";"0.24857421874999375";"0";"0";"29.999999999999996";"0";"2.2746013308890256";"1.7727964306586541";"2.339860797273988";"1.3509192611723893";"1.0376051982287353";"0.97210968000276265"
"Globale eccezionale 3";"Soddisfatta nel dominio esplorato";"1.3019588408756075";"1";"0.76807343566058439";"-0.20892983250666886";"6.80440292972993";"7.52315292972993";"116";"5.6964192708333332";"5.7792773437500014";"2.1964033897863047";"52.22885168110092";"Terreno granulare";"1.8694239697596997";"0";"5.7372592123099668";"2.822904282822392";"0.24857421875000441";"0";"0";"29.999999999999996";"0";"2.1179981885097039";"1.6740539740343734";"2.1992880628115401";"1.2697595550897731";"0.97526858394065719";"0.96303809597460543"
"Globale eccezionale 3";"Soddisfatta nel dominio esplorato";"1.3019588408756075";"1";"0.76807343566058439";"-0.20892983250666886";"6.80440292972993";"7.52315292972993";"117";"5.7792773437500014";"5.8621354166666659";"2.3053677946793156";"53.271405499877602";"Terreno granulare";"1.7068911438790537";"0";"5.8200363528399279";"2.8773237716167062";"0.24857421874999375";"0";"0";"29.999999999999996";"0";"1.9554653626290475";"1.5671090578056242";"2.0509617580146462";"1.1841233230873842";"0.90949366900955542";"0.9534382369576504"
"Globale eccezionale 3";"Soddisfatta nel dominio esplorato";"1.3019588408756075";"1";"0.76807343566058439";"-0.20892983250666886";"6.80440292972993";"7.52315292972993";"118";"5.8621354166666659";"5.9449934895833341";"2.4186027048879213";"54.340030874125922";"Terreno granulare";"1.5379863875361686";"0";"5.9027911547663185";"2.933858394203269";"0.24857421875000441";"0";"0";"29.999999999999996";"0";"1.786560606286173";"1.4514063819385508";"1.8940061959236258";"1.0935049870633244";"0.83989213232571047";"0.94327072959491753"
"Globale eccezionale 3";"Soddisfatta nel dominio esplorato";"1.3019588408756075";"1";"0.76807343566058439";"-0.20892983250666886";"6.80440292972993";"7.52315292972993";"119";"5.9449934895833341";"6.0278515625000004";"2.5364480146056376";"55.437189906602981";"Terreno granulare";"1.3622021723853761";"0";"5.9855131604467733";"2.9926680592059118";"0.24857421874999908";"0";"0";"29.999999999999996";"0";"1.6107763911353752";"1.3263173920995737";"1.7273919401956583";"0.99731020166795326";"0.76600747301445515";"0.93249039413309154"
"Globale eccezionale 3";"Soddisfatta nel dominio esplorato";"1.3019588408756075";"1";"0.76807343566058439";"-0.20892983250666886";"6.80440292972993";"7.52315292972993";"120";"6.0278515625000004";"6.1107096354166668";"2.6592969259770634";"56.565736207446683";"Terreno granulare";"1.1789512839683047";"0";"6.0681842646734427";"3.0539317813460904";"0.24857421874999908";"0";"0";"29.999999999999996";"0";"1.4275255027183038";"1.1911246602768759";"1.5498977324850334";"0.89483387306662454";"0.68729812723174954";"0.92104496496647958"
"Globale eccezionale 3";"Soddisfatta nel dominio esplorato";"1.3019588408756075";"1";"0.76807343566058439";"-0.20892983250666886";"6.80440292972993";"7.52315292972993";"121";"6.1107096354166668";"6.1935677083333349";"2.7876085005031159";"57.729008128563677";"Terreno granulare";"0.98754803027937144";"0";"6.1507701976624505";"3.1178454556317625";"0.24857421875000441";"0";"0";"29.999999999999996";"0";"1.2361222490293757";"1.0450016030892155";"1.3600598485392776";"0.78523091966815362";"0.6031150102564391";"0.90887342226666523"
"Globale eccezionale 3";"Soddisfatta nel dominio esplorato";"1.3019588408756075";"1";"0.76807343566058439";"-0.20892983250666886";"6.80440292972993";"7.52315292972993";"122";"6.1935677083333349";"6.2764257812499995";"2.9219243051278356";"58.930952596792778";"Terreno granulare";"0.78718330695879546";"0";"6.2331973887635543";"3.1846070263518742";"0.24857421874999375";"0";"0";"29.999999999999996";"0";"1.0357575257087892";"0.88698569427626572";"1.1561035343301962";"0.66747668675661642";"0.51267111202049809";"0.89590377933484044"
"Globale eccezionale 3";"Soddisfatta nel dominio esplorato";"1.3019588408756075";"1";"0.76807343566058439";"-0.20892983250666886";"6.80440292972993";"7.52315292972993";"123";"6.2764257812499995";"6.3592838541666676";"3.0628909180130295";"60.176292787436289";"Terreno granulare";"0.57689086358618624";"0";"6.3152742287374268";"3.2543488065261426";"0.24857421875000441";"0";"0";"29.999999999999996";"0";"0.82546508233619065";"0.71594239287565298";"0.93584830464417479";"0.54031227060696918";"0.41499950201466623";"0.88205009106689181"
"Globale eccezionale 3";"Soddisfatta nel dominio esplorato";"1.3019588408756075";"1";"0.76807343566058439";"-0.20892983250666886";"6.80440292972993";"7.52315292972993";"124";"6.3592838541666676";"6.442141927083334";"3.2112910365854104";"61.470760234116298";"Terreno granulare";"0.35550063934790582";"0";"6.3962967939114748";"3.3267573990445274";"0.24857421874999908";"0";"0";"29.999999999999996";"0";"0.60407485809790495";"0.53051547697194135";"0.69657410437359024";"0.40216724667061476";"0.30889397886045683";"0.867208318978686"
"Globale eccezionale 3";"Soddisfatta nel dominio esplorato";"1.3019588408756075";"1";"0.76807343566058439";"-0.20892983250666886";"6.80440292972993";"7.52315292972993";"125";"6.442141927083334";"6.5250000000000004";"3.3680875921922908";"62.821424482923135";"Terreno granulare";"0.12157252210462827";"0";"6.4698985064503685";"3.3959257131879208";"0.24857421874999908";"0";"0";"29.999999999999996";"0";"0.37014674085462734";"0.32905687094961161";"0.43482706330273058";"0.25104752204876596";"0.19282293277407198";"0.85125046735402432"
